iter	Passed	Remaining
0	42	426287
1	75	379553
2	102	340659
3	129	324679
4	150	301838
5	177	295527
6	207	296462
7	231	289615
8	266	295485
9	297	297672
10	321	292400
11	344	286442
12	366	281574
13	391	279368
14	417	277653
15	447	279544
16	477	280264
17	504	279859
18	538	282834
19	567	283402
20	593	282006
21	619	280957
22	646	280255
23	673	279816
24	699	278989
25	726	278507
26	752	278034
27	778	277263
28	805	276966
29	836	277876
30	869	279619
31	900	280473
32	925	279536
33	948	277985
34	978	278483
35	1006	278581
36	1037	279391
37	1064	278938
38	1086	277450
39	1111	276744
40	1140	277126
41	1164	276189
42	1187	275067
43	1214	274704
44	1240	274403
45	1267	274212
46	1291	273413
47	1319	273645
48	1348	273885
49	1372	273086
50	1399	272964
51	1428	273244
52	1451	272502
53	1491	274674
54	1521	275181
55	1548	275057
56	1571	274165
57	1594	273391
58	1618	272679
59	1643	272349
60	1666	271585
61	1690	270945
62	1714	270401
63	1740	270187
64	1771	270716
65	1797	270567
66	1823	270319
67	1851	270478
68	1880	270606
69	1911	271194
70	1939	271281
71	1975	272403
72	2001	272110
73	2031	272433
74	2056	272078
75	2078	271471
76	2102	270906
77	2130	271028
78	2156	270784
79	2183	270714
80	2206	270195
81	2232	270080
82	2261	270215
83	2287	270061
84	2317	270372
85	2347	270635
86	2373	270472
87	2395	269867
88	2419	269449
89	2443	269011
90	2474	269488
91	2500	269319
92	2532	269781
93	2563	270130
94	2586	269689
95	2610	269307
96	2634	268922
97	2661	268907
98	2686	268658
99	2708	268188
100	2737	268299
101	2767	268527
102	2791	268225
103	2819	268273
104	2846	268232
105	2874	268294
106	2897	267933
107	2924	267898
108	2951	267857
109	2977	267689
110	3002	267498
111	3028	267401
112	3055	267377
113	3082	267336
114	3106	267026
115	3127	266501
116	3156	266669
117	3180	266385
118	3208	266378
119	3231	266050
120	3259	266085
121	3283	265826
122	3310	265856
123	3335	265685
124	3362	265639
125	3386	265393
126	3410	265143
127	3440	265336
128	3468	265387
129	3491	265077
130	3518	265049
131	3551	265516
132	3581	265690
133	3608	265647
134	3632	265442
135	3656	265208
136	3681	265067
137	3706	264846
138	3733	264842
139	3762	265011
140	3787	264834
141	3812	264671
142	3836	264481
143	3866	264660
144	3894	264697
145	3919	264553
146	3947	264601
147	3983	265200
148	4012	265309
149	4045	265639
150	4072	265616
151	4100	265673
152	4124	265458
153	4146	265114
154	4172	264992
155	4198	264954
156	4234	265490
157	4261	265463
158	4288	265408
159	4312	265191
160	4335	264939
161	4358	264685
162	4389	264884
163	4413	264693
164	4437	264528
165	4461	264284
166	4488	264276
167	4514	264207
168	4548	264580
169	4575	264586
170	4604	264640
171	4629	264536
172	4651	264235
173	4685	264591
174	4711	264499
175	4734	264261
176	4757	264021
177	4782	263887
178	4805	263660
179	4830	263545
180	4857	263497
181	4881	263346
182	4907	263257
183	4929	262993
184	4957	263028
185	4984	262981
186	5010	262936
187	5038	262953
188	5066	263028
189	5100	263345
190	5130	263502
191	5171	264198
192	5201	264311
193	5227	264231
194	5251	264034
195	5278	264052
196	5305	264010
197	5334	264085
198	5356	263838
199	5384	263855
200	5410	263756
201	5436	263715
202	5460	263549
203	5485	263387
204	5512	263373
205	5537	263269
206	5563	263190
207	5591	263217
208	5622	263375
209	5646	263249
210	5669	263031
211	5697	263066
212	5730	263287
213	5757	263276
214	5784	263244
215	5809	263168
216	5832	262960
217	5856	262788
218	5882	262713
219	5909	262716
220	5932	262528
221	5954	262285
222	5979	262154
223	6004	262054
224	6031	262050
225	6057	261961
226	6081	261830
227	6106	261730
228	6134	261730
229	6158	261607
230	6184	261557
231	6209	261424
232	6241	261653
233	6268	261634
234	6292	261491
235	6319	261444
236	6347	261494
237	6370	261308
238	6394	261164
239	6426	261351
240	6450	261219
241	6482	261379
242	6506	261243
243	6533	261220
244	6560	261228
245	6586	261172
246	6613	261136
247	6641	261173
248	6666	261054
249	6693	261037
250	6724	261191
251	6750	261128
252	6777	261116
253	6799	260913
254	6825	260835
255	6852	260819
256	6877	260734
257	6900	260563
258	6924	260449
259	6950	260390
260	6979	260419
261	7003	260294
262	7028	260212
263	7056	260242
264	7084	260249
265	7115	260392
266	7143	260399
267	7170	260382
268	7192	260194
269	7220	260223
270	7247	260174
271	7271	260074
272	7297	260006
273	7321	259894
274	7349	259909
275	7375	259838
276	7411	260166
277	7438	260130
278	7464	260084
279	7488	259973
280	7512	259850
281	7538	259783
282	7566	259797
283	7592	259755
284	7620	259772
285	7646	259715
286	7672	259663
287	7695	259524
288	7721	259470
289	7747	259403
290	7777	259481
291	7801	259382
292	7825	259259
293	7851	259190
294	7876	259127
295	7900	259003
296	7924	258878
297	7947	258752
298	7974	258731
299	8003	258765
300	8038	259020
301	8071	259184
302	8096	259099
303	8124	259120
304	8151	259122
305	8179	259134
306	8202	258982
307	8226	258875
308	8253	258855
309	8279	258815
310	8305	258741
311	8365	259766
312	8396	259848
313	8418	259674
314	8439	259483
315	8463	259358
316	8487	259244
317	8510	259113
318	8535	259042
319	8563	259057
320	8603	259412
321	8632	259472
322	8660	259463
323	8684	259357
324	8705	259167
325	8734	259188
326	8760	259159
327	8784	259042
328	8809	258968
329	8832	258815
330	8857	258734
331	8883	258691
332	8910	258669
333	8943	258831
334	8969	258765
335	8993	258683
336	9022	258697
337	9045	258579
338	9073	258595
339	9100	258555
340	9130	258635
341	9154	258534
342	9181	258512
343	9210	258526
344	9239	258573
345	9262	258446
346	9291	258469
347	9317	258413
348	9344	258417
349	9376	258513
350	9402	258475
351	9426	258372
352	9452	258314
353	9477	258241
354	9504	258236
355	9531	258198
356	9554	258074
357	9582	258077
358	9610	258102
359	9634	257991
360	9656	257838
361	9680	257745
362	9707	257710
363	9731	257625
364	9758	257598
365	9784	257558
366	9811	257521
367	9833	257380
368	9855	257233
369	9880	257158
370	9910	257209
371	9931	257051
372	9954	256927
373	9978	256820
374	10004	256791
375	10028	256678
376	10055	256676
377	10081	256623
378	10114	256750
379	10152	257023
380	10179	257006
381	10210	257075
382	10233	256961
383	10259	256907
384	10289	256958
385	10313	256874
386	10335	256729
387	10358	256612
388	10382	256509
389	10408	256475
390	10434	256420
391	10468	256591
392	10494	256549
393	10519	256466
394	10545	256426
395	10571	256386
396	10603	256475
397	10632	256506
398	10656	256419
399	10679	256307
400	10706	256288
401	10731	256231
402	10754	256102
403	10776	255959
404	10799	255847
405	10824	255787
406	10847	255684
407	10875	255670
408	10902	255660
409	10932	255713
410	10956	255630
411	10980	255526
412	11005	255475
413	11030	255410
414	11054	255329
415	11080	255274
416	11109	255312
417	11136	255289
418	11173	255503
419	11198	255440
420	11225	255416
421	11248	255293
422	11270	255160
423	11294	255095
424	11319	255021
425	11343	254946
426	11372	254951
427	11395	254849
428	11419	254768
429	11443	254674
430	11465	254558
431	11488	254446
432	11516	254452
433	11540	254374
434	11564	254293
435	11589	254228
436	11616	254199
437	11642	254173
438	11669	254156
439	11693	254060
440	11719	254031
441	11747	254036
442	11769	253915
443	11795	253858
444	11821	253839
445	11845	253756
446	11868	253646
447	11891	253535
448	11925	253667
449	11949	253587
450	11972	253485
451	11994	253363
452	12019	253315
453	12045	253267
454	12068	253164
455	12091	253069
456	12117	253025
457	12143	253005
458	12168	252949
459	12194	252913
460	12221	252891
461	12244	252782
462	12268	252713
463	12290	252591
464	12313	252496
465	12340	252468
466	12373	252584
467	12400	252568
468	12438	252783
469	12465	252748
470	12491	252711
471	12513	252601
472	12538	252553
473	12562	252478
474	12585	252378
475	12611	252332
476	12641	252388
477	12666	252321
478	12694	252320
479	12717	252226
480	12743	252188
481	12768	252144
482	12807	252365
483	12831	252273
484	12856	252226
485	12879	252135
486	12902	252040
487	12927	251972
488	12953	251951
489	12976	251844
490	12998	251743
491	13028	251773
492	13058	251821
493	13081	251730
494	13108	251703
495	13135	251686
496	13163	251704
497	13189	251658
498	13212	251562
499	13233	251440
500	13256	251348
501	13282	251315
502	13305	251207
503	13328	251134
504	13355	251114
505	13383	251117
506	13409	251085
507	13430	250956
508	13455	250901
509	13481	250860
510	13504	250771
511	13526	250667
512	13551	250609
513	13576	250558
514	13601	250507
515	13625	250437
516	13653	250438
517	13680	250422
518	13706	250379
519	13734	250386
520	13760	250348
521	13787	250342
522	13817	250378
523	13839	250275
524	13869	250302
525	13893	250248
526	13917	250174
527	13964	250511
528	13993	250537
529	14021	250543
530	14044	250443
531	14068	250385
532	14094	250351
533	14121	250324
534	14146	250270
535	14178	250349
536	14213	250464
537	14236	250380
538	14257	250265
539	14283	250225
540	14309	250186
541	14333	250127
542	14361	250125
543	14386	250076
544	14413	250059
545	14437	249983
546	14463	249950
547	14489	249911
548	14516	249898
549	14539	249813
550	14562	249729
551	14589	249712
552	14616	249690
553	14638	249594
554	14664	249563
555	14693	249570
556	14722	249591
557	14745	249508
558	14769	249449
559	14792	249362
560	14821	249383
561	14846	249334
562	14872	249287
563	14899	249270
564	14929	249302
565	14951	249208
566	14978	249190
567	15006	249186
568	15031	249147
569	15054	249057
570	15081	249036
571	15104	248962
572	15136	249027
573	15165	249040
574	15191	249004
575	15218	248996
576	15252	249082
577	15275	249006
578	15302	248991
579	15329	248970
580	15352	248887
581	15376	248831
582	15400	248756
583	15429	248771
584	15451	248675
585	15474	248598
586	15497	248516
587	15529	248576
588	15562	248658
589	15592	248686
590	15616	248629
591	15643	248612
592	15670	248583
593	15701	248638
594	15728	248623
595	15755	248603
596	15795	248792
597	15819	248722
598	15849	248748
599	15873	248681
600	15898	248635
601	15935	248766
602	15963	248771
603	15987	248713
604	16011	248646
605	16037	248609
606	16065	248599
607	16095	248627
608	16123	248626
609	16154	248677
610	16189	248776
611	16219	248800
612	16248	248810
613	16273	248773
614	16297	248705
615	16322	248656
616	16349	248632
617	16378	248645
618	16402	248586
619	16425	248509
620	16450	248447
621	16472	248357
622	16502	248378
623	16526	248323
624	16554	248310
625	16579	248269
626	16603	248198
627	16630	248192
628	16658	248183
629	16694	248292
630	16729	248402
631	16758	248401
632	16785	248382
633	16807	248295
634	16833	248264
635	16860	248245
636	16885	248189
637	16911	248165
638	16938	248139
639	16966	248128
640	16991	248093
641	17016	248031
642	17038	247943
643	17064	247908
644	17090	247880
645	17115	247826
646	17138	247755
647	17164	247719
648	17195	247758
649	17219	247699
650	17249	247720
651	17279	247745
652	17301	247659
653	17329	247645
654	17358	247656
655	17384	247628
656	17411	247608
657	17435	247544
658	17459	247479
659	17486	247461
660	17511	247412
661	17533	247326
662	17556	247253
663	17584	247238
664	17607	247167
665	17634	247143
666	17658	247087
667	17686	247080
668	17714	247079
669	17740	247039
670	17765	246996
671	17792	246975
672	17819	246963
673	17846	246932
674	17871	246892
675	17896	246850
676	17923	246819
677	17945	246733
678	17969	246671
679	17994	246636
680	18020	246599
681	18047	246582
682	18072	246526
683	18097	246488
684	18124	246465
685	18147	246392
686	18171	246332
687	18201	246353
688	18228	246334
689	18253	246287
690	18280	246267
691	18304	246216
692	18329	246165
693	18351	246083
694	18374	246011
695	18401	245981
696	18423	245904
697	18446	245832
698	18469	245753
699	18493	245700
700	18517	245638
701	18540	245575
702	18564	245514
703	18591	245486
704	18620	245501
705	18651	245527
706	18674	245456
707	18704	245484
708	18728	245419
709	18753	245381
710	18777	245321
711	18802	245278
712	18827	245232
713	18852	245188
714	18879	245168
715	18903	245113
716	18942	245246
717	18969	245233
718	18996	245208
719	19021	245170
720	19045	245106
721	19067	245020
722	19091	244972
723	19117	244930
724	19144	244913
725	19167	244845
726	19194	244829
727	19223	244833
728	19249	244808
729	19274	244758
730	19301	244736
731	19325	244683
732	19349	244628
733	19374	244580
734	19399	244533
735	19428	244547
736	19450	244462
737	19476	244437
738	19507	244469
739	19530	244394
740	19553	244324
741	19579	244292
742	19606	244282
743	19628	244200
744	19650	244120
745	19672	244035
746	19697	243994
747	19727	244003
748	19755	244002
749	19780	243956
750	19808	243958
751	19836	243952
752	19858	243870
753	19882	243812
754	19907	243772
755	19935	243755
756	19960	243724
757	19983	243652
758	20009	243624
759	20035	243590
760	20060	243543
761	20086	243512
762	20114	243515
763	20138	243452
764	20160	243371
765	20183	243305
766	20213	243325
767	20239	243295
768	20263	243241
769	20291	243239
770	20319	243227
771	20343	243178
772	20366	243106
773	20391	243066
774	20421	243076
775	20443	243003
776	20470	242984
777	20506	243069
778	20534	243070
779	20557	242995
780	20579	242925
781	20604	242875
782	20632	242876
783	20658	242839
784	20682	242786
785	20709	242774
786	20738	242776
787	20769	242806
788	20792	242735
789	20816	242680
790	20841	242644
791	20868	242617
792	20891	242554
793	20915	242503
794	20940	242458
795	20964	242410
796	20986	242337
797	21010	242284
798	21039	242283
799	21065	242250
800	21086	242169
801	21116	242176
802	21145	242185
803	21168	242123
804	21190	242049
805	21215	242000
806	21242	241988
807	21268	241960
808	21292	241897
809	21316	241844
810	21341	241813
811	21365	241760
812	21391	241727
813	21419	241716
814	21443	241671
815	21473	241685
816	21498	241642
817	21523	241602
818	21550	241576
819	21571	241490
820	21592	241406
821	21619	241392
822	21649	241407
823	21674	241368
824	21700	241331
825	21729	241340
826	21756	241317
827	21783	241303
828	21807	241246
829	21832	241208
830	21856	241162
831	21882	241129
832	21906	241074
833	21928	240999
834	21954	240972
835	21976	240901
836	22003	240880
837	22027	240829
838	22051	240781
839	22075	240730
840	22102	240712
841	22125	240652
842	22151	240621
843	22178	240599
844	22200	240524
845	22225	240489
846	22254	240489
847	22288	240551
848	22316	240536
849	22338	240470
850	22363	240430
851	22388	240384
852	22410	240314
853	22434	240269
854	22460	240238
855	22487	240220
856	22510	240156
857	22531	240078
858	22558	240055
859	22581	239998
860	22604	239935
861	22629	239889
862	22660	239920
863	22685	239876
864	22706	239798
865	22729	239740
866	22758	239737
867	22781	239676
868	22807	239648
869	22830	239587
870	22853	239532
871	22880	239510
872	22904	239465
873	22936	239493
874	22960	239442
875	22984	239400
876	23010	239370
877	23039	239370
878	23063	239321
879	23089	239295
880	23115	239266
881	23138	239204
882	23163	239163
883	23187	239115
884	23211	239063
885	23233	238998
886	23261	238990
887	23289	238979
888	23313	238935
889	23345	238961
890	23368	238902
891	23394	238872
892	23417	238817
893	23443	238792
894	23467	238738
895	23494	238722
896	23518	238668
897	23540	238605
898	23563	238543
899	23590	238524
900	23619	238530
901	23647	238523
902	23670	238465
903	23696	238435
904	23719	238370
905	23741	238305
906	23766	238271
907	23792	238243
908	23822	238248
909	23845	238196
910	23873	238184
911	23898	238149
912	23922	238101
913	23951	238096
914	23979	238094
915	24005	238064
916	24029	238018
917	24057	238007
918	24085	238001
919	24111	237973
920	24155	238117
921	24185	238131
922	24212	238110
923	24234	238045
924	24255	237970
925	24277	237900
926	24307	237904
927	24330	237854
928	24356	237823
929	24381	237781
930	24407	237757
931	24433	237731
932	24455	237657
933	24476	237582
934	24500	237539
935	24529	237538
936	24556	237516
937	24578	237453
938	24604	237421
939	24630	237400
940	24653	237338
941	24675	237274
942	24701	237247
943	24725	237192
944	24751	237170
945	24773	237099
946	24803	237117
947	24827	237068
948	24853	237034
949	24876	236982
950	24905	236981
951	24931	236958
952	24956	236919
953	24987	236940
954	25016	236932
955	25051	236989
956	25080	236997
957	25104	236946
958	25133	236949
959	25157	236899
960	25184	236877
961	25210	236850
962	25235	236819
963	25259	236766
964	25288	236765
965	25316	236759
966	25341	236719
967	25369	236708
968	25394	236671
969	25421	236656
970	25445	236612
971	25472	236587
972	25500	236577
973	25524	236534
974	25547	236480
975	25575	236464
976	25596	236396
977	25621	236359
978	25646	236318
979	25673	236300
980	25700	236282
981	25728	236268
982	25752	236223
983	25774	236163
984	25805	236180
985	25835	236183
986	25860	236152
987	25898	236232
988	25930	236261
989	25953	236202
990	25975	236136
991	25997	236070
992	26025	236065
993	26051	236031
994	26077	236011
995	26100	235949
996	26123	235894
997	26148	235861
998	26171	235803
999	26195	235763
1000	26219	235717
1001	26249	235717
1002	26273	235672
1003	26300	235652
1004	26323	235605
1005	26351	235594
1006	26377	235564
1007	26401	235516
1008	26427	235488
1009	26452	235452
1010	26479	235430
1011	26502	235377
1012	26526	235335
1013	26554	235320
1014	26581	235302
1015	26603	235245
1016	26632	235236
1017	26655	235189
1018	26682	235171
1019	26705	235113
1020	26728	235061
1021	26757	235054
1022	26782	235016
1023	26809	234998
1024	26837	234989
1025	26861	234949
1026	26887	234915
1027	26913	234891
1028	26940	234873
1029	26967	234852
1030	26990	234797
1031	27012	234737
1032	27036	234690
1033	27063	234672
1034	27085	234611
1035	27116	234627
1036	27146	234633
1037	27175	234635
1038	27198	234573
1039	27221	234523
1040	27248	234507
1041	27279	234515
1042	27308	234516
1043	27335	234498
1044	27360	234460
1045	27391	234478
1046	27422	234490
1047	27453	234505
1048	27477	234465
1049	27500	234407
1050	27524	234362
1051	27550	234339
1052	27575	234304
1053	27606	234316
1054	27628	234250
1055	27650	234190
1056	27678	234179
1057	27701	234127
1058	27723	234064
1059	27744	233994
1060	27768	233952
1061	27791	233901
1062	27813	233840
1063	27840	233815
1064	27865	233783
1065	27900	233831
1066	27935	233873
1067	27959	233829
1068	27984	233798
1069	28008	233752
1070	28038	233759
1071	28065	233742
1072	28093	233726
1073	28115	233665
1074	28142	233644
1075	28168	233618
1076	28193	233587
1077	28216	233532
1078	28242	233503
1079	28268	233479
1080	28297	233473
1081	28321	233430
1082	28345	233385
1083	28373	233376
1084	28401	233363
1085	28428	233343
1086	28451	233293
1087	28477	233266
1088	28503	233237
1089	28526	233182
1090	28553	233161
1091	28577	233120
1092	28602	233084
1093	28624	233025
1094	28650	233001
1095	28676	232967
1096	28702	232943
1097	28727	232909
1098	28752	232870
1099	28778	232842
1100	28807	232844
1101	28830	232792
1102	28853	232738
1103	28878	232703
1104	28910	232719
1105	28941	232732
1106	28967	232704
1107	28995	232698
1108	29022	232674
1109	29048	232646
1110	29076	232635
1111	29105	232634
1112	29131	232605
1113	29158	232585
1114	29186	232577
1115	29212	232545
1116	29234	232488
1117	29260	232462
1118	29287	232443
1119	29313	232415
1120	29337	232371
1121	29366	232367
1122	29390	232327
1123	29416	232293
1124	29445	232295
1125	29468	232243
1126	29500	232262
1127	29523	232210
1128	29550	232189
1129	29576	232163
1130	29604	232148
1131	29629	232117
1132	29655	232090
1133	29679	232043
1134	29701	231986
1135	29730	231978
1136	29756	231954
1137	29780	231911
1138	29802	231850
1139	29829	231833
1140	29854	231798
1141	29883	231790
1142	29909	231765
1143	29933	231726
1144	29963	231725
1145	29988	231693
1146	30011	231637
1147	30036	231604
1148	30058	231550
1149	30085	231526
1150	30109	231486
1151	30140	231497
1152	30163	231448
1153	30189	231421
1154	30216	231399
1155	30242	231368
1156	30266	231328
1157	30294	231317
1158	30319	231278
1159	30343	231239
1160	30365	231182
1161	30393	231170
1162	30420	231148
1163	30446	231118
1164	30470	231079
1165	30494	231039
1166	30521	231015
1167	30552	231026
1168	30581	231023
1169	30607	230997
1170	30633	230967
1171	30657	230925
1172	30680	230873
1173	30711	230884
1174	30736	230852
1175	30763	230830
1176	30792	230822
1177	30814	230769
1178	30840	230744
1179	30869	230737
1180	30892	230687
1181	30922	230688
1182	30948	230663
1183	30973	230627
1184	31003	230627
1185	31025	230575
1186	31053	230561
1187	31076	230507
1188	31101	230476
1189	31124	230423
1190	31152	230415
1191	31180	230401
1192	31202	230345
1193	31226	230300
1194	31250	230259
1195	31276	230234
1196	31300	230192
1197	31329	230184
1198	31353	230143
1199	31377	230101
1200	31402	230068
1201	31431	230062
1202	31457	230038
1203	31479	229980
1204	31502	229930
1205	31524	229873
1206	31549	229834
1207	31574	229801
1208	31596	229750
1209	31619	229699
1210	31652	229720
1211	31677	229688
1212	31700	229637
1213	31722	229580
1214	31747	229550
1215	31773	229519
1216	31795	229469
1217	31821	229439
1218	31846	229405
1219	31872	229378
1220	31900	229365
1221	31924	229320
1222	31948	229285
1223	31977	229280
1224	32004	229260
1225	32028	229212
1226	32050	229163
1227	32075	229124
1228	32100	229090
1229	32122	229038
1230	32147	229002
1231	32178	229008
1232	32204	228982
1233	32227	228935
1234	32250	228883
1235	32275	228853
1236	32304	228846
1237	32328	228805
1238	32353	228768
1239	32378	228741
1240	32404	228710
1241	32428	228668
1242	32452	228632
1243	32480	228614
1244	32509	228613
1245	32531	228555
1246	32555	228513
1247	32579	228472
1248	32606	228452
1249	32630	228412
1250	32653	228362
1251	32681	228351
1252	32706	228322
1253	32732	228292
1254	32754	228238
1255	32778	228200
1256	32809	228205
1257	32830	228144
1258	32853	228096
1259	32875	228038
1260	32903	228026
1261	32930	228011
1262	32955	227972
1263	32980	227939
1264	33008	227928
1265	33031	227878
1266	33055	227840
1267	33078	227796
1268	33108	227793
1269	33131	227744
1270	33154	227696
1271	33182	227683
1272	33209	227667
1273	33230	227605
1274	33252	227552
1275	33281	227545
1276	33307	227517
1277	33334	227499
1278	33356	227448
1279	33379	227397
1280	33404	227365
1281	33429	227327
1282	33456	227310
1283	33482	227281
1284	33507	227248
1285	33530	227202
1286	33554	227161
1287	33584	227162
1288	33610	227135
1289	33642	227153
1290	33665	227105
1291	33689	227063
1292	33714	227029
1293	33742	227016
1294	33765	226968
1295	33787	226915
1296	33815	226902
1297	33837	226853
1298	33859	226800
1299	33908	226928
1300	33938	226927
1301	33963	226891
1302	33990	226870
1303	34014	226831
1304	34042	226819
1305	34063	226760
1306	34085	226709
1307	34109	226664
1308	34134	226635
1309	34158	226590
1310	34190	226606
1311	34218	226590
1312	34243	226557
1313	34265	226509
1314	34290	226472
1315	34321	226482
1316	34349	226468
1317	34373	226424
1318	34394	226366
1319	34418	226324
1320	34447	226321
1321	34477	226318
1322	34502	226285
1323	34528	226264
1324	34552	226220
1325	34573	226161
1326	34599	226135
1327	34626	226112
1328	34655	226107
1329	34679	226070
1330	34702	226020
1331	34728	225993
1332	34759	226000
1333	34782	225953
1334	34810	225942
1335	34836	225915
1336	34864	225904
1337	34887	225855
1338	34914	225835
1339	34943	225825
1340	34971	225814
1341	34997	225785
1342	35022	225757
1343	35047	225723
1344	35080	225741
1345	35107	225721
1346	35132	225689
1347	35160	225673
1348	35190	225674
1349	35215	225641
1350	35243	225627
1351	35269	225597
1352	35299	225599
1353	35330	225605
1354	35357	225583
1355	35386	225574
1356	35409	225527
1357	35439	225525
1358	35465	225499
1359	35490	225470
1360	35517	225445
1361	35545	225433
1362	35570	225402
1363	35591	225343
1364	35615	225304
1365	35638	225258
1366	35666	225245
1367	35694	225229
1368	35717	225185
1369	35742	225150
1370	35767	225121
1371	35790	225074
1372	35813	225026
1373	35838	224994
1374	35865	224976
1375	35896	224979
1376	35922	224950
1377	35950	224939
1378	35978	224923
1379	36002	224887
1380	36030	224872
1381	36060	224872
1382	36088	224855
1383	36111	224812
1384	36134	224764
1385	36162	224751
1386	36191	224740
1387	36215	224703
1388	36239	224664
1389	36267	224649
1390	36291	224612
1391	36315	224572
1392	36340	224537
1393	36367	224520
1394	36393	224493
1395	36416	224446
1396	36442	224418
1397	36469	224400
1398	36494	224366
1399	36521	224343
1400	36550	224335
1401	36578	224322
1402	36602	224283
1403	36624	224234
1404	36646	224183
1405	36673	224163
1406	36704	224167
1407	36729	224134
1408	36754	224103
1409	36779	224069
1410	36806	224046
1411	36827	223990
1412	36853	223966
1413	36879	223938
1414	36906	223914
1415	36931	223883
1416	36966	223912
1417	36997	223913
1418	37022	223883
1419	37045	223836
1420	37071	223813
1421	37100	223803
1422	37123	223756
1423	37146	223716
1424	37170	223675
1425	37194	223635
1426	37218	223596
1427	37248	223597
1428	37274	223570
1429	37299	223533
1430	37322	223494
1431	37345	223449
1432	37368	223402
1433	37394	223375
1434	37421	223356
1435	37447	223327
1436	37473	223305
1437	37500	223280
1438	37524	223244
1439	37558	223263
1440	37587	223253
1441	37610	223212
1442	37638	223194
1443	37661	223150
1444	37685	223113
1445	37716	223118
1446	37741	223087
1447	37766	223053
1448	37796	223046
1449	37823	223027
1450	37846	222983
1451	37869	222941
1452	37897	222924
1453	37927	222921
1454	37951	222881
1455	37976	222851
1456	38002	222822
1457	38035	222837
1458	38059	222801
1459	38084	222766
1460	38108	222730
1461	38132	222690
1462	38154	222643
1463	38179	222607
1464	38204	222579
1465	38232	222562
1466	38259	222541
1467	38284	222508
1468	38309	222476
1469	38338	222466
1470	38367	222459
1471	38394	222439
1472	38418	222398
1473	38440	222350
1474	38468	222337
1475	38493	222302
1476	38519	222276
1477	38543	222239
1478	38566	222194
1479	38590	222158
1480	38618	222141
1481	38643	222106
1482	38668	222079
1483	38697	222066
1484	38723	222040
1485	38752	222032
1486	38781	222024
1487	38812	222024
1488	38839	222005
1489	38864	221968
1490	38887	221927
1491	38914	221907
1492	38938	221869
1493	38964	221843
1494	38989	221809
1495	39018	221801
1496	39044	221771
1497	39069	221742
1498	39098	221731
1499	39128	221728
1500	39153	221693
1501	39175	221647
1502	39199	221609
1503	39225	221584
1504	39250	221552
1505	39278	221533
1506	39303	221504
1507	39334	221502
1508	39357	221461
1509	39380	221420
1510	39404	221378
1511	39431	221358
1512	39455	221323
1513	39481	221294
1514	39510	221285
1515	39536	221257
1516	39559	221216
1517	39583	221176
1518	39608	221142
1519	39632	221109
1520	39656	221069
1521	39679	221026
1522	39701	220979
1523	39726	220947
1524	39753	220922
1525	39788	220949
1526	39814	220920
1527	39840	220893
1528	39865	220865
1529	39890	220834
1530	39913	220787
1531	39937	220752
1532	39965	220738
1533	39994	220726
1534	40019	220692
1535	40047	220680
1536	40071	220639
1537	40093	220593
1538	40116	220548
1539	40140	220513
1540	40166	220485
1541	40189	220445
1542	40217	220426
1543	40241	220391
1544	40266	220357
1545	40298	220364
1546	40321	220324
1547	40347	220295
1548	40370	220255
1549	40395	220219
1550	40418	220180
1551	40445	220156
1552	40476	220158
1553	40517	220210
1554	40546	220204
1555	40574	220189
1556	40604	220184
1557	40631	220161
1558	40656	220127
1559	40680	220094
1560	40703	220048
1561	40726	220006
1562	40752	219981
1563	40775	219938
1564	40808	219947
1565	40829	219894
1566	40853	219857
1567	40876	219816
1568	40903	219796
1569	40927	219756
1570	40954	219738
1571	40985	219738
1572	41010	219705
1573	41038	219687
1574	41065	219668
1575	41089	219629
1576	41118	219622
1577	41142	219585
1578	41170	219565
1579	41197	219543
1580	41221	219508
1581	41246	219478
1582	41273	219454
1583	41299	219431
1584	41325	219404
1585	41350	219372
1586	41379	219359
1587	41403	219325
1588	41427	219286
1589	41454	219265
1590	41479	219236
1591	41504	219204
1592	41528	219165
1593	41557	219152
1594	41580	219114
1595	41606	219087
1596	41638	219089
1597	41664	219064
1598	41691	219045
1599	41715	219005
1600	41739	218968
1601	41766	218947
1602	41789	218903
1603	41813	218870
1604	41841	218851
1605	41866	218820
1606	41896	218817
1607	41919	218774
1608	41944	218740
1609	41969	218708
1610	41998	218699
1611	42024	218672
1612	42053	218659
1613	42077	218625
1614	42101	218591
1615	42136	218606
1616	42159	218567
1617	42184	218535
1618	42210	218507
1619	42238	218490
1620	42268	218488
1621	42301	218495
1622	42327	218467
1623	42350	218428
1624	42375	218395
1625	42405	218389
1626	42426	218337
1627	42446	218283
1628	42468	218235
1629	42495	218213
1630	42521	218185
1631	42547	218158
1632	42571	218121
1633	42597	218097
1634	42622	218066
1635	42650	218048
1636	42676	218024
1637	42701	217989
1638	42724	217948
1639	42748	217912
1640	42775	217891
1641	42801	217865
1642	42827	217838
1643	42858	217836
1644	42881	217795
1645	42908	217774
1646	42935	217753
1647	42962	217730
1648	42985	217688
1649	43010	217659
1650	43038	217644
1651	43068	217636
1652	43094	217610
1653	43117	217570
1654	43142	217539
1655	43167	217505
1656	43191	217468
1657	43218	217450
1658	43243	217415
1659	43274	217414
1660	43302	217400
1661	43329	217379
1662	43359	217372
1663	43382	217329
1664	43406	217291
1665	43430	217256
1666	43458	217238
1667	43480	217195
1668	43509	217183
1669	43540	217179
1670	43564	217143
1671	43589	217114
1672	43615	217087
1673	43640	217053
1674	43663	217015
1675	43687	216976
1676	43711	216942
1677	43735	216907
1678	43762	216882
1679	43785	216843
1680	43813	216824
1681	43837	216790
1682	43862	216757
1683	43890	216742
1684	43916	216716
1685	43946	216707
1686	43970	216673
1687	43994	216638
1688	44021	216613
1689	44045	216577
1690	44069	216543
1691	44095	216517
1692	44122	216492
1693	44144	216448
1694	44166	216402
1695	44187	216350
1696	44212	216318
1697	44240	216302
1698	44264	216267
1699	44292	216253
1700	44320	216233
1701	44351	216231
1702	44377	216208
1703	44406	216194
1704	44434	216177
1705	44459	216147
1706	44486	216125
1707	44511	216096
1708	44538	216070
1709	44564	216046
1710	44594	216037
1711	44621	216019
1712	44647	215991
1713	44671	215956
1714	44693	215910
1715	44715	215865
1716	44739	215826
1717	44764	215798
1718	44790	215773
1719	44817	215750
1720	44842	215717
1721	44868	215689
1722	44891	215650
1723	44915	215617
1724	44941	215590
1725	44972	215586
1726	44999	215567
1727	45027	215547
1728	45052	215516
1729	45078	215489
1730	45106	215475
1731	45135	215459
1732	45163	215446
1733	45190	215422
1734	45216	215396
1735	45246	215390
1736	45269	215347
1737	45293	215311
1738	45315	215270
1739	45340	215238
1740	45363	215197
1741	45393	215191
1742	45418	215159
1743	45449	215154
1744	45477	215138
1745	45501	215102
1746	45526	215069
1747	45555	215057
1748	45586	215055
1749	45611	215024
1750	45638	215004
1751	45669	215002
1752	45698	214987
1753	45719	214939
1754	45741	214892
1755	45767	214865
1756	45798	214866
1757	45829	214863
1758	45857	214842
1759	45881	214810
1760	45905	214771
1761	45933	214756
1762	45966	214764
1763	45992	214734
1764	46016	214698
1765	46046	214693
1766	46071	214659
1767	46099	214645
1768	46124	214611
1769	46152	214593
1770	46178	214570
1771	46207	214556
1772	46231	214522
1773	46259	214505
1774	46284	214473
1775	46312	214453
1776	46344	214459
1777	46374	214448
1778	46400	214422
1779	46427	214398
1780	46455	214383
1781	46482	214361
1782	46509	214340
1783	46532	214298
1784	46554	214257
1785	46578	214218
1786	46605	214197
1787	46630	214166
1788	46655	214136
1789	46682	214113
1790	46708	214086
1791	46730	214043
1792	46752	213996
1793	46775	213957
1794	46801	213929
1795	46828	213908
1796	46856	213894
1797	46883	213868
1798	46908	213841
1799	46935	213815
1800	46961	213792
1801	46989	213775
1802	47018	213760
1803	47043	213728
1804	47067	213692
1805	47095	213674
1806	47126	213673
1807	47154	213654
1808	47182	213640
1809	47209	213617
1810	47237	213599
1811	47261	213563
1812	47285	213526
1813	47310	213499
1814	47338	213478
1815	47362	213444
1816	47387	213412
1817	47418	213409
1818	47443	213379
1819	47472	213363
1820	47500	213347
1821	47527	213325
1822	47550	213286
1823	47574	213252
1824	47601	213229
1825	47632	213226
1826	47657	213192
1827	47684	213170
1828	47708	213137
1829	47734	213110
1830	47764	213102
1831	47788	213064
1832	47812	213029
1833	47836	212997
1834	47858	212951
1835	47883	212920
1836	47909	212893
1837	47936	212872
1838	47960	212837
1839	47983	212795
1840	48016	212803
1841	48043	212778
1842	48071	212761
1843	48100	212746
1844	48133	212751
1845	48158	212721
1846	48185	212697
1847	48209	212665
1848	48234	212631
1849	48258	212596
1850	48280	212552
1851	48306	212529
1852	48334	212508
1853	48357	212472
1854	48381	212433
1855	48403	212392
1856	48429	212362
1857	48453	212328
1858	48480	212309
1859	48508	212289
1860	48541	212293
1861	48566	212262
1862	48589	212221
1863	48622	212225
1864	48652	212220
1865	48681	212206
1866	48711	212194
1867	48735	212162
1868	48761	212134
1869	48784	212093
1870	48807	212056
1871	48833	212030
1872	48860	212008
1873	48883	211969
1874	48906	211927
1875	48932	211901
1876	48956	211864
1877	48984	211847
1878	49007	211811
1879	49033	211785
1880	49063	211773
1881	49092	211759
1882	49115	211722
1883	49144	211705
1884	49169	211675
1885	49192	211638
1886	49234	211681
1887	49258	211642
1888	49282	211609
1889	49308	211581
1890	49335	211562
1891	49363	211541
1892	49387	211506
1893	49422	211521
1894	49447	211490
1895	49473	211463
1896	49498	211433
1897	49523	211399
1898	49547	211364
1899	49581	211374
1900	49606	211344
1901	49635	211330
1902	49666	211322
1903	49691	211294
1904	49721	211282
1905	49746	211254
1906	49780	211259
1907	49805	211228
1908	49829	211194
1909	49854	211164
1910	49878	211128
1911	49900	211086
1912	49923	211047
1913	49949	211018
1914	49973	210986
1915	49997	210950
1916	50021	210915
1917	50046	210884
1918	50072	210856
1919	50097	210826
1920	50121	210790
1921	50144	210753
1922	50172	210736
1923	50197	210704
1924	50221	210670
1925	50245	210634
1926	50272	210612
1927	50295	210573
1928	50324	210558
1929	50348	210522
1930	50374	210496
1931	50397	210460
1932	50424	210437
1933	50448	210403
1934	50473	210373
1935	50501	210355
1936	50532	210347
1937	50554	210306
1938	50580	210276
1939	50604	210244
1940	50627	210205
1941	50651	210168
1942	50681	210159
1943	50709	210140
1944	50735	210115
1945	50764	210101
1946	50788	210068
1947	50815	210044
1948	50839	210010
1949	50873	210016
1950	50901	209996
1951	50925	209963
1952	50956	209957
1953	50984	209938
1954	51008	209905
1955	51031	209865
1956	51056	209833
1957	51089	209838
1958	51115	209811
1959	51138	209770
1960	51159	209726
1961	51189	209714
1962	51214	209686
1963	51250	209700
1964	51285	209707
1965	51312	209686
1966	51339	209662
1967	51365	209637
1968	51396	209630
1969	51430	209640
1970	51460	209626
1971	51489	209613
1972	51517	209595
1973	51543	209569
1974	51570	209547
1975	51596	209518
1976	51619	209482
1977	51643	209445
1978	51669	209421
1979	51698	209406
1980	51728	209394
1981	51756	209375
1982	51783	209352
1983	51807	209320
1984	51839	209316
1985	51866	209294
1986	51890	209258
1987	51918	209239
1988	51946	209222
1989	51972	209196
1990	51996	209162
1991	52021	209131
1992	52044	209093
1993	52072	209071
1994	52096	209039
1995	52121	209006
1996	52146	208977
1997	52168	208933
1998	52196	208918
1999	52226	208904
2000	52251	208876
2001	52279	208858
2002	52306	208835
2003	52331	208803
2004	52358	208782
2005	52383	208749
2006	52408	208718
2007	52435	208695
2008	52457	208655
2009	52488	208649
2010	52514	208622
2011	52541	208599
2012	52564	208560
2013	52591	208539
2014	52616	208507
2015	52642	208480
2016	52667	208450
2017	52700	208450
2018	52728	208432
2019	52760	208431
2020	52784	208397
2021	52817	208397
2022	52842	208366
2023	52866	208331
2024	52890	208297
2025	52917	208273
2026	52945	208255
2027	52968	208217
2028	52991	208179
2029	53018	208157
2030	53045	208135
2031	53069	208100
2032	53095	208071
2033	53125	208063
2034	53151	208034
2035	53174	207996
2036	53203	207982
2037	53231	207963
2038	53258	207942
2039	53284	207912
2040	53308	207879
2041	53333	207847
2042	53361	207831
2043	53385	207797
2044	53409	207760
2045	53437	207744
2046	53462	207711
2047	53485	207673
2048	53511	207645
2049	53535	207613
2050	53563	207595
2051	53586	207555
2052	53609	207518
2053	53634	207488
2054	53659	207457
2055	53685	207428
2056	53714	207416
2057	53745	207409
2058	53772	207385
2059	53797	207354
2060	53819	207314
2061	53844	207281
2062	53870	207256
2063	53894	207222
2064	53920	207197
2065	53946	207169
2066	53973	207144
2067	53996	207109
2068	54021	207077
2069	54048	207055
2070	54073	207024
2071	54100	207000
2072	54123	206964
2073	54150	206941
2074	54177	206919
2075	54203	206891
2076	54229	206867
2077	54259	206855
2078	54284	206825
2079	54307	206785
2080	54329	206746
2081	54359	206734
2082	54387	206714
2083	54413	206685
2084	54436	206648
2085	54459	206612
2086	54485	206587
2087	54510	206555
2088	54538	206535
2089	54562	206503
2090	54588	206474
2091	54614	206449
2092	54639	206417
2093	54666	206394
2094	54693	206372
2095	54724	206367
2096	54751	206342
2097	54780	206326
2098	54804	206292
2099	54828	206261
2100	54852	206225
2101	54878	206199
2102	54903	206167
2103	54930	206146
2104	54954	206113
2105	54979	206080
2106	55007	206060
2107	55029	206021
2108	55055	205996
2109	55081	205967
2110	55105	205934
2111	55129	205900
2112	55154	205869
2113	55181	205848
2114	55210	205831
2115	55233	205796
2116	55260	205769
2117	55287	205748
2118	55313	205722
2119	55349	205731
2120	55375	205707
2121	55402	205685
2122	55426	205648
2123	55449	205611
2124	55474	205581
2125	55498	205547
2126	55523	205518
2127	55550	205495
2128	55579	205479
2129	55605	205453
2130	55629	205420
2131	55655	205394
2132	55680	205363
2133	55708	205345
2134	55737	205328
2135	55764	205303
2136	55792	205286
2137	55817	205255
2138	55839	205215
2139	55863	205179
2140	55887	205146
2141	55916	205130
2142	55942	205103
2143	55968	205078
2144	55995	205056
2145	56024	205042
2146	56047	205003
2147	56071	204967
2148	56103	204964
2149	56131	204945
2150	56162	204937
2151	56189	204913
2152	56213	204879
2153	56242	204864
2154	56266	204831
2155	56295	204816
2156	56321	204788
2157	56345	204753
2158	56376	204748
2159	56406	204734
2160	56429	204698
2161	56456	204673
2162	56481	204644
2163	56506	204613
2164	56530	204580
2165	56556	204553
2166	56580	204520
2167	56605	204489
2168	56632	204467
2169	56654	204427
2170	56678	204391
2171	56706	204371
2172	56733	204351
2173	56758	204319
2174	56782	204288
2175	56808	204258
2176	56832	204226
2177	56855	204188
2178	56881	204160
2179	56909	204141
2180	56933	204109
2181	56966	204109
2182	56990	204075
2183	57015	204046
2184	57039	204009
2185	57062	203974
2186	57086	203939
2187	57113	203918
2188	57141	203897
2189	57164	203862
2190	57188	203827
2191	57215	203803
2192	57251	203813
2193	57276	203782
2194	57301	203753
2195	57326	203724
2196	57349	203684
2197	57373	203651
2198	57397	203619
2199	57422	203589
2200	57449	203565
2201	57475	203539
2202	57499	203504
2203	57523	203472
2204	57548	203441
2205	57572	203407
2206	57596	203374
2207	57625	203360
2208	57649	203327
2209	57677	203305
2210	57699	203266
2211	57724	203236
2212	57758	203236
2213	57789	203230
2214	57816	203205
2215	57841	203176
2216	57868	203154
2217	57897	203138
2218	57925	203117
2219	57947	203076
2220	57969	203038
2221	57993	203004
2222	58022	202988
2223	58046	202952
2224	58068	202913
2225	58090	202872
2226	58113	202837
2227	58140	202812
2228	58169	202796
2229	58192	202762
2230	58221	202744
2231	58253	202739
2232	58277	202706
2233	58308	202695
2234	58334	202670
2235	58361	202646
2236	58387	202619
2237	58414	202597
2238	58440	202571
2239	58467	202549
2240	58491	202515
2241	58514	202478
2242	58541	202454
2243	58566	202423
2244	58590	202393
2245	58619	202376
2246	58649	202361
2247	58676	202339
2248	58700	202305
2249	58725	202277
2250	58756	202268
2251	58781	202236
2252	58823	202264
2253	58857	202266
2254	58881	202233
2255	58905	202198
2256	58930	202170
2257	58961	202161
2258	58987	202134
2259	59013	202108
2260	59044	202100
2261	59072	202080
2262	59103	202069
2263	59142	202088
2264	59166	202055
2265	59192	202026
2266	59219	202003
2267	59247	201983
2268	59275	201966
2269	59302	201942
2270	59332	201927
2271	59354	201889
2272	59379	201858
2273	59407	201839
2274	59438	201830
2275	59465	201807
2276	59495	201792
2277	59518	201756
2278	59543	201727
2279	59568	201696
2280	59595	201673
2281	59621	201647
2282	59648	201625
2283	59679	201612
2284	59707	201594
2285	59733	201568
2286	59766	201564
2287	59798	201559
2288	59823	201527
2289	59845	201489
2290	59868	201452
2291	59891	201414
2292	59917	201387
2293	59941	201356
2294	59973	201348
2295	59998	201318
2296	60024	201290
2297	60048	201258
2298	60073	201228
2299	60100	201205
2300	60128	201184
2301	60156	201166
2302	60180	201132
2303	60206	201106
2304	60231	201075
2305	60259	201056
2306	60287	201037
2307	60313	201009
2308	60345	201005
2309	60373	200983
2310	60400	200960
2311	60431	200949
2312	60453	200912
2313	60477	200878
2314	60503	200850
2315	60525	200812
2316	60548	200772
2317	60572	200741
2318	60603	200730
2319	60625	200692
2320	60650	200661
2321	60674	200628
2322	60703	200612
2323	60734	200601
2324	60760	200574
2325	60786	200548
2326	60817	200537
2327	60845	200518
2328	60867	200478
2329	60892	200449
2330	60919	200425
2331	60949	200413
2332	60977	200390
2333	61006	200373
2334	61029	200339
2335	61056	200315
2336	61079	200278
2337	61107	200259
2338	61130	200223
2339	61160	200208
2340	61192	200203
2341	61216	200170
2342	61243	200146
2343	61275	200137
2344	61304	200120
2345	61328	200090
2346	61355	200064
2347	61380	200035
2348	61411	200025
2349	61435	199991
2350	61456	199950
2351	61479	199912
2352	61504	199883
2353	61531	199860
2354	61554	199823
2355	61586	199816
2356	61613	199794
2357	61637	199759
2358	61659	199721
2359	61683	199687
2360	61713	199674
2361	61741	199654
2362	61766	199625
2363	61792	199596
2364	61823	199585
2365	61855	199577
2366	61878	199542
2367	61908	199529
2368	61932	199497
2369	61957	199465
2370	61981	199432
2371	62005	199400
2372	62033	199379
2373	62055	199339
2374	62077	199302
2375	62099	199262
2376	62125	199234
2377	62154	199218
2378	62177	199183
2379	62202	199152
2380	62230	199131
2381	62253	199096
2382	62289	199100
2383	62316	199078
2384	62343	199054
2385	62368	199025
2386	62395	199000
2387	62419	198969
2388	62444	198940
2389	62471	198915
2390	62500	198897
2391	62523	198863
2392	62549	198836
2393	62573	198802
2394	62601	198781
2395	62630	198764
2396	62658	198745
2397	62685	198722
2398	62713	198701
2399	62744	198689
2400	62768	198657
2401	62795	198635
2402	62821	198608
2403	62882	198693
2404	62912	198676
2405	62943	198667
2406	62965	198627
2407	62986	198586
2408	63009	198549
2409	63034	198519
2410	63059	198488
2411	63085	198462
2412	63107	198424
2413	63130	198387
2414	63157	198363
2415	63179	198326
2416	63203	198292
2417	63231	198270
2418	63255	198239
2419	63281	198212
2420	63310	198193
2421	63339	198176
2422	63368	198159
2423	63391	198124
2424	63413	198086
2425	63439	198057
2426	63466	198036
2427	63491	198006
2428	63515	197971
2429	63539	197938
2430	63564	197910
2431	63588	197876
2432	63610	197839
2433	63638	197817
2434	63665	197794
2435	63692	197771
2436	63714	197733
2437	63738	197700
2438	63765	197676
2439	63788	197640
2440	63817	197621
2441	63852	197623
2442	63882	197608
2443	63913	197597
2444	63941	197576
2445	63970	197561
2446	64002	197551
2447	64025	197517
2448	64047	197478
2449	64072	197449
2450	64097	197417
2451	64120	197381
2452	64146	197355
2453	64174	197336
2454	64199	197306
2455	64222	197269
2456	64244	197229
2457	64269	197200
2458	64293	197168
2459	64319	197142
2460	64349	197126
2461	64375	197101
2462	64397	197062
2463	64425	197040
2464	64453	197020
2465	64480	196997
2466	64505	196966
2467	64530	196939
2468	64554	196907
2469	64584	196889
2470	64612	196869
2471	64639	196845
2472	64663	196814
2473	64688	196783
2474	64712	196753
2475	64737	196721
2476	64761	196690
2477	64785	196658
2478	64813	196635
2479	64838	196607
2480	64866	196587
2481	64893	196561
2482	64915	196525
2483	64937	196486
2484	64965	196464
2485	64991	196437
2486	65017	196410
2487	65045	196392
2488	65070	196361
2489	65094	196327
2490	65118	196296
2491	65142	196264
2492	65170	196241
2493	65195	196212
2494	65218	196177
2495	65241	196143
2496	65268	196119
2497	65295	196094
2498	65326	196083
2499	65355	196066
2500	65381	196040
2501	65407	196014
2502	65430	195976
2503	65454	195943
2504	65478	195911
2505	65504	195885
2506	65528	195854
2507	65551	195818
2508	65577	195791
2509	65603	195764
2510	65630	195742
2511	65657	195716
2512	65680	195683
2513	65705	195654
2514	65730	195624
2515	65758	195602
2516	65782	195569
2517	65809	195545
2518	65838	195527
2519	65868	195513
2520	65894	195486
2521	65919	195457
2522	65947	195438
2523	65975	195415
2524	66001	195390
2525	66027	195363
2526	66049	195325
2527	66079	195310
2528	66109	195294
2529	66134	195267
2530	66157	195230
2531	66185	195211
2532	66211	195183
2533	66233	195146
2534	66261	195124
2535	66286	195095
2536	66312	195068
2537	66341	195052
2538	66369	195029
2539	66397	195010
2540	66427	194994
2541	66449	194957
2542	66472	194920
2543	66496	194889
2544	66524	194869
2545	66548	194835
2546	66575	194813
2547	66601	194784
2548	66627	194759
2549	66651	194726
2550	66675	194695
2551	66700	194663
2552	66724	194633
2553	66752	194612
2554	66775	194576
2555	66805	194561
2556	66832	194539
2557	66863	194525
2558	66897	194522
2559	66922	194493
2560	66946	194460
2561	66968	194422
2562	66991	194388
2563	67016	194358
2564	67042	194332
2565	67065	194296
2566	67088	194262
2567	67116	194239
2568	67142	194215
2569	67166	194183
2570	67189	194146
2571	67215	194119
2572	67241	194093
2573	67267	194067
2574	67290	194031
2575	67316	194005
2576	67345	193988
2577	67370	193957
2578	67396	193930
2579	67423	193906
2580	67454	193895
2581	67480	193868
2582	67503	193832
2583	67530	193811
2584	67552	193772
2585	67576	193740
2586	67600	193707
2587	67625	193679
2588	67648	193644
2589	67677	193625
2590	67704	193601
2591	67730	193575
2592	67757	193552
2593	67781	193518
2594	67804	193484
2595	67834	193469
2596	67862	193449
2597	67891	193430
2598	67916	193399
2599	67942	193373
2600	67969	193352
2601	67997	193330
2602	68031	193325
2603	68056	193298
2604	68088	193286
2605	68116	193267
2606	68140	193235
2607	68166	193209
2608	68189	193172
2609	68214	193142
2610	68238	193111
2611	68268	193097
2612	68299	193083
2613	68324	193055
2614	68355	193042
2615	68382	193019
2616	68415	193012
2617	68441	192986
2618	68468	192960
2619	68495	192936
2620	68522	192912
2621	68549	192889
2622	68573	192858
2623	68595	192819
2624	68617	192781
2625	68643	192755
2626	68671	192734
2627	68694	192698
2628	68716	192661
2629	68740	192629
2630	68764	192597
2631	68786	192561
2632	68810	192526
2633	68834	192495
2634	68863	192478
2635	68888	192448
2636	68915	192424
2637	68943	192404
2638	68971	192382
2639	68993	192344
2640	69016	192310
2641	69040	192279
2642	69066	192252
2643	69089	192216
2644	69111	192178
2645	69134	192145
2646	69158	192114
2647	69183	192084
2648	69210	192059
2649	69238	192038
2650	69266	192017
2651	69290	191987
2652	69314	191954
2653	69338	191922
2654	69367	191904
2655	69399	191892
2656	69426	191870
2657	69451	191841
2658	69477	191814
2659	69500	191778
2660	69522	191741
2661	69546	191710
2662	69574	191688
2663	69599	191660
2664	69622	191625
2665	69646	191592
2666	69670	191562
2667	69693	191526
2668	69729	191528
2669	69755	191500
2670	69780	191470
2671	69801	191431
2672	69831	191416
2673	69882	191459
2674	69915	191450
2675	69941	191424
2676	69966	191395
2677	69991	191365
2678	70018	191342
2679	70047	191323
2680	70075	191301
2681	70099	191270
2682	70133	191266
2683	70160	191242
2684	70186	191216
2685	70211	191186
2686	70238	191163
2687	70262	191131
2688	70287	191101
2689	70311	191070
2690	70337	191043
2691	70364	191020
2692	70394	191002
2693	70422	190983
2694	70447	190954
2695	70474	190930
2696	70499	190900
2697	70521	190863
2698	70548	190837
2699	70572	190806
2700	70598	190779
2701	70624	190753
2702	70654	190738
2703	70682	190717
2704	70707	190688
2705	70729	190651
2706	70751	190612
2707	70774	190579
2708	70798	190547
2709	70820	190510
2710	70847	190485
2711	70871	190454
2712	70900	190436
2713	70929	190416
2714	70959	190401
2715	70988	190383
2716	71017	190365
2717	71044	190339
2718	71068	190309
2719	71093	190279
2720	71117	190247
2721	71139	190210
2722	71161	190173
2723	71187	190148
2724	71213	190121
2725	71243	190104
2726	71265	190067
2727	71289	190036
2728	71315	190010
2729	71339	189977
2730	71376	189980
2731	71407	189968
2732	71432	189938
2733	71458	189910
2734	71482	189879
2735	71507	189851
2736	71531	189819
2737	71560	189800
2738	71584	189769
2739	71610	189742
2740	71636	189713
2741	71664	189694
2742	71687	189660
2743	71719	189647
2744	71747	189626
2745	71773	189600
2746	71795	189565
2747	71820	189535
2748	71843	189501
2749	71866	189466
2750	71900	189460
2751	71926	189435
2752	71955	189416
2753	71979	189383
2754	72002	189349
2755	72028	189323
2756	72053	189294
2757	72075	189258
2758	72100	189226
2759	72127	189203
2760	72149	189168
2761	72174	189137
2762	72207	189128
2763	72233	189102
2764	72258	189073
2765	72284	189047
2766	72315	189034
2767	72342	189010
2768	72364	188974
2769	72404	188984
2770	72438	188976
2771	72464	188950
2772	72487	188916
2773	72508	188877
2774	72538	188860
2775	72562	188828
2776	72587	188801
2777	72615	188778
2778	72643	188757
2779	72668	188728
2780	72691	188695
2781	72714	188661
2782	72739	188630
2783	72766	188607
2784	72789	188572
2785	72820	188558
2786	72848	188538
2787	72881	188529
2788	72917	188529
2789	72948	188516
2790	72983	188511
2791	73008	188483
2792	73030	188446
2793	73054	188413
2794	73077	188380
2795	73100	188345
2796	73129	188326
2797	73154	188297
2798	73180	188271
2799	73207	188247
2800	73228	188208
2801	73256	188186
2802	73282	188159
2803	73305	188126
2804	73330	188096
2805	73355	188067
2806	73382	188044
2807	73408	188016
2808	73437	187997
2809	73466	187979
2810	73490	187947
2811	73512	187912
2812	73534	187874
2813	73557	187841
2814	73584	187815
2815	73607	187781
2816	73629	187746
2817	73654	187717
2818	73680	187691
2819	73711	187677
2820	73736	187647
2821	73764	187627
2822	73788	187593
2823	73814	187567
2824	73840	187540
2825	73866	187515
2826	73891	187485
2827	73919	187465
2828	73945	187437
2829	73973	187416
2830	73995	187381
2831	74018	187345
2832	74041	187311
2833	74066	187283
2834	74106	187291
2835	74134	187271
2836	74159	187242
2837	74186	187216
2838	74208	187181
2839	74231	187146
2840	74253	187110
2841	74280	187086
2842	74302	187050
2843	74325	187016
2844	74347	186980
2845	74372	186949
2846	74397	186920
2847	74427	186903
2848	74458	186891
2849	74488	186875
2850	74514	186847
2851	74536	186812
2852	74558	186775
2853	74585	186750
2854	74611	186723
2855	74633	186687
2856	74656	186655
2857	74682	186627
2858	74710	186606
2859	74733	186572
2860	74755	186534
2861	74783	186513
2862	74809	186487
2863	74833	186456
2864	74858	186428
2865	74885	186403
2866	74912	186379
2867	74943	186365
2868	74968	186337
2869	74996	186314
2870	75018	186279
2871	75047	186260
2872	75074	186236
2873	75101	186211
2874	75128	186186
2875	75154	186162
2876	75177	186126
2877	75201	186096
2878	75225	186066
2879	75248	186032
2880	75272	185999
2881	75298	185972
2882	75321	185939
2883	75343	185902
2884	75372	185883
2885	75399	185860
2886	75426	185835
2887	75455	185816
2888	75481	185790
2889	75508	185765
2890	75533	185737
2891	75555	185702
2892	75581	185676
2893	75610	185654
2894	75632	185618
2895	75661	185600
2896	75688	185576
2897	75715	185552
2898	75738	185518
2899	75764	185491
2900	75792	185471
2901	75819	185446
2902	75843	185415
2903	75865	185380
2904	75888	185346
2905	75917	185326
2906	75945	185304
2907	75974	185286
2908	76001	185261
2909	76028	185237
2910	76051	185203
2911	76077	185178
2912	76102	185148
2913	76129	185125
2914	76154	185094
2915	76177	185063
2916	76201	185030
2917	76226	185002
2918	76254	184981
2919	76281	184957
2920	76307	184929
2921	76337	184913
2922	76362	184884
2923	76385	184851
2924	76411	184825
2925	76441	184807
2926	76467	184780
2927	76494	184758
2928	76523	184738
2929	76547	184705
2930	76569	184671
2931	76592	184636
2932	76616	184606
2933	76646	184588
2934	76675	184570
2935	76702	184544
2936	76728	184518
2937	76752	184487
2938	76776	184456
2939	76803	184432
2940	76829	184405
2941	76855	184379
2942	76879	184348
2943	76900	184311
2944	76926	184284
2945	76957	184268
2946	76980	184236
2947	77010	184220
2948	77036	184193
2949	77060	184160
2950	77083	184128
2951	77109	184102
2952	77135	184075
2953	77164	184054
2954	77186	184020
2955	77208	183984
2956	77235	183959
2957	77261	183933
2958	77284	183900
2959	77309	183870
2960	77334	183841
2961	77366	183830
2962	77389	183795
2963	77416	183772
2964	77442	183746
2965	77474	183734
2966	77510	183731
2967	77550	183737
2968	77573	183705
2969	77603	183686
2970	77633	183670
2971	77658	183642
2972	77683	183614
2973	77708	183584
2974	77731	183551
2975	77761	183534
2976	77787	183508
2977	77811	183475
2978	77833	183441
2979	77856	183407
2980	77882	183381
2981	77910	183359
2982	77933	183325
2983	77961	183304
2984	77989	183282
2985	78031	183293
2986	78067	183289
2987	78098	183275
2988	78120	183239
2989	78143	183205
2990	78170	183181
2991	78196	183155
2992	78219	183121
2993	78241	183086
2994	78266	183056
2995	78292	183029
2996	78317	183002
2997	78340	182968
2998	78370	182950
2999	78396	182926
3000	78422	182898
3001	78451	182879
3002	78482	182863
3003	78510	182843
3004	78536	182816
3005	78564	182794
3006	78589	182765
3007	78612	182732
3008	78634	182697
3009	78658	182665
3010	78684	182640
3011	78712	182618
3012	78738	182590
3013	78764	182564
3014	78792	182542
3015	78817	182513
3016	78839	182478
3017	78862	182443
3018	78890	182422
3019	78914	182392
3020	78937	182358
3021	78961	182326
3022	78992	182312
3023	79024	182299
3024	79051	182276
3025	79079	182253
3026	79109	182235
3027	79133	182205
3028	79160	182181
3029	79195	182176
3030	79218	182142
3031	79241	182109
3032	79265	182078
3033	79290	182049
3034	79318	182027
3035	79343	181998
3036	79368	181969
3037	79395	181945
3038	79420	181917
3039	79453	181907
3040	79481	181884
3041	79510	181865
3042	79539	181845
3043	79563	181815
3044	79589	181789
3045	79616	181764
3046	79642	181737
3047	79663	181700
3048	79691	181677
3049	79719	181655
3050	79751	181642
3051	79778	181619
3052	79808	181600
3053	79833	181573
3054	79856	181540
3055	79879	181507
3056	79913	181496
3057	79942	181478
3058	79969	181454
3059	79994	181424
3060	80021	181401
3061	80049	181380
3062	80081	181366
3063	80105	181336
3064	80132	181312
3065	80163	181296
3066	80188	181266
3067	80212	181237
3068	80239	181211
3069	80261	181177
3070	80292	181160
3071	80318	181133
3072	80343	181106
3073	80366	181073
3074	80388	181038
3075	80414	181010
3076	80440	180983
3077	80463	180951
3078	80486	180917
3079	80515	180897
3080	80546	180882
3081	80570	180851
3082	80593	180818
3083	80617	180788
3084	80646	180767
3085	80671	180740
3086	80696	180709
3087	80722	180684
3088	80750	180662
3089	80775	180634
3090	80799	180602
3091	80824	180574
3092	80849	180545
3093	80877	180523
3094	80900	180489
3095	80925	180460
3096	80950	180432
3097	80974	180403
3098	81000	180376
3099	81029	180356
3100	81058	180335
3101	81082	180306
3102	81105	180272
3103	81131	180245
3104	81158	180222
3105	81187	180201
3106	81213	180174
3107	81247	180165
3108	81272	180138
3109	81296	180106
3110	81318	180072
3111	81346	180050
3112	81374	180026
3113	81400	180000
3114	81422	179966
3115	81451	179946
3116	81479	179923
3117	81507	179901
3118	81534	179878
3119	81564	179860
3120	81600	179856
3121	81625	179827
3122	81659	179818
3123	81684	179790
3124	81709	179760
3125	81733	179730
3126	81762	179709
3127	81785	179677
3128	81808	179643
3129	81830	179609
3130	81857	179583
3131	81886	179564
3132	81915	179544
3133	81940	179517
3134	81967	179491
3135	81996	179472
3136	82031	179465
3137	82058	179440
3138	82081	179408
3139	82105	179377
3140	82135	179360
3141	82163	179337
3142	82187	179306
3143	82212	179276
3144	82234	179243
3145	82259	179214
3146	82285	179187
3147	82307	179152
3148	82330	179119
3149	82356	179093
3150	82382	179065
3151	82404	179031
3152	82426	178996
3153	82452	178969
3154	82477	178941
3155	82504	178917
3156	82530	178890
3157	82562	178877
3158	82590	178855
3159	82616	178827
3160	82639	178795
3161	82664	178767
3162	82690	178739
3163	82714	178710
3164	82738	178678
3165	82762	178648
3166	82791	178627
3167	82818	178603
3168	82845	178579
3169	82868	178546
3170	82899	178530
3171	82929	178513
3172	82957	178489
3173	82983	178465
3174	83016	178452
3175	83047	178437
3176	83094	178454
3177	83122	178433
3178	83149	178409
3179	83174	178380
3180	83206	178367
3181	83237	178350
3182	83262	178322
3183	83284	178287
3184	83307	178254
3185	83333	178227
3186	83356	178196
3187	83382	178167
3188	83410	178146
3189	83437	178122
3190	83460	178088
3191	83486	178062
3192	83514	178039
3193	83540	178014
3194	83567	177988
3195	83591	177959
3196	83618	177933
3197	83644	177908
3198	83670	177882
3199	83694	177850
3200	83720	177824
3201	83747	177801
3202	83777	177780
3203	83806	177761
3204	83834	177738
3205	83864	177722
3206	83888	177691
3207	83915	177666
3208	83943	177644
3209	83966	177610
3210	83992	177585
3211	84021	177565
3212	84050	177545
3213	84083	177531
3214	84110	177507
3215	84139	177487
3216	84171	177475
3217	84195	177444
3218	84221	177418
3219	84250	177397
3220	84273	177364
3221	84297	177332
3222	84318	177297
3223	84343	177268
3224	84368	177238
3225	84390	177203
3226	84417	177179
3227	84444	177155
3228	84473	177134
3229	84501	177112
3230	84526	177085
3231	84554	177062
3232	84580	177036
3233	84604	177005
3234	84633	176984
3235	84659	176958
3236	84689	176940
3237	84713	176909
3238	84737	176877
3239	84764	176854
3240	84787	176822
3241	84812	176792
3242	84835	176760
3243	84860	176732
3244	84888	176708
3245	84912	176678
3246	84941	176658
3247	84971	176639
3248	84994	176607
3249	85016	176573
3250	85042	176546
3251	85071	176525
3252	85103	176512
3253	85126	176480
3254	85154	176457
3255	85181	176432
3256	85205	176402
3257	85229	176372
3258	85253	176340
3259	85279	176313
3260	85302	176281
3261	85325	176248
3262	85348	176216
3263	85373	176188
3264	85400	176163
3265	85423	176130
3266	85450	176105
3267	85478	176082
3268	85504	176056
3269	85527	176025
3270	85557	176006
3271	85586	175985
3272	85610	175956
3273	85638	175932
3274	85663	175903
3275	85689	175878
3276	85712	175846
3277	85740	175822
3278	85765	175793
3279	85791	175767
3280	85821	175749
3281	85846	175722
3282	85878	175707
3283	85902	175675
3284	85927	175646
3285	85953	175621
3286	85978	175592
3287	86003	175563
3288	86027	175534
3289	86054	175508
3290	86088	175498
3291	86113	175471
3292	86137	175439
3293	86161	175409
3294	86184	175377
3295	86209	175348
3296	86232	175315
3297	86262	175296
3298	86289	175273
3299	86314	175244
3300	86335	175208
3301	86357	175174
3302	86380	175141
3303	86406	175113
3304	86428	175078
3305	86455	175054
3306	86479	175025
3307	86507	175001
3308	86530	174970
3309	86559	174950
3310	86592	174937
3311	86621	174917
3312	86650	174896
3313	86675	174867
3314	86701	174841
3315	86732	174825
3316	86761	174803
3317	86784	174771
3318	86811	174747
3319	86833	174713
3320	86859	174687
3321	86882	174654
3322	86907	174626
3323	86932	174597
3324	86955	174564
3325	86981	174538
3326	87009	174515
3327	87032	174483
3328	87061	174462
3329	87088	174438
3330	87118	174420
3331	87150	174406
3332	87177	174380
3333	87202	174352
3334	87232	174334
3335	87256	174304
3336	87284	174281
3337	87309	174251
3338	87335	174225
3339	87358	174193
3340	87385	174169
3341	87411	174142
3342	87436	174114
3343	87464	174092
3344	87488	174062
3345	87517	174041
3346	87543	174014
3347	87570	173991
3348	87596	173964
3349	87625	173943
3350	87657	173928
3351	87682	173899
3352	87707	173871
3353	87733	173844
3354	87758	173817
3355	87783	173788
3356	87808	173759
3357	87832	173729
3358	87855	173696
3359	87879	173665
3360	87903	173636
3361	87929	173610
3362	87957	173586
3363	87979	173553
3364	88010	173535
3365	88036	173509
3366	88063	173484
3367	88097	173474
3368	88133	173466
3369	88167	173456
3370	88195	173434
3371	88219	173404
3372	88246	173379
3373	88270	173348
3374	88292	173314
3375	88316	173283
3376	88343	173259
3377	88367	173230
3378	88391	173199
3379	88415	173169
3380	88447	173154
3381	88471	173122
3382	88495	173092
3383	88517	173059
3384	88545	173036
3385	88572	173012
3386	88596	172981
3387	88625	172960
3388	88648	172928
3389	88673	172899
3390	88703	172880
3391	88729	172855
3392	88756	172831
3393	88779	172798
3394	88813	172787
3395	88839	172760
3396	88862	172729
3397	88885	172696
3398	88909	172665
3399	88933	172636
3400	88959	172608
3401	88985	172582
3402	89008	172551
3403	89035	172525
3404	89060	172497
3405	89085	172469
3406	89116	172452
3407	89142	172425
3408	89173	172409
3409	89198	172381
3410	89221	172348
3411	89247	172321
3412	89275	172299
3413	89298	172267
3414	89328	172248
3415	89357	172227
3416	89386	172207
3417	89411	172177
3418	89433	172144
3419	89456	172112
3420	89479	172079
3421	89503	172049
3422	89527	172018
3423	89552	171991
3424	89577	171963
3425	89601	171932
3426	89629	171909
3427	89657	171887
3428	89683	171861
3429	89711	171838
3430	89741	171819
3431	89771	171800
3432	89800	171780
3433	89832	171765
3434	89878	171776
3435	89908	171757
3436	89934	171730
3437	89956	171697
3438	89982	171669
3439	90008	171645
3440	90036	171621
3441	90061	171592
3442	90086	171564
3443	90113	171539
3444	90140	171515
3445	90170	171496
3446	90196	171470
3447	90222	171443
3448	90244	171409
3449	90268	171378
3450	90293	171350
3451	90318	171323
3452	90342	171291
3453	90364	171259
3454	90391	171233
3455	90415	171203
3456	90438	171171
3457	90464	171145
3458	90489	171117
3459	90514	171088
3460	90537	171056
3461	90562	171028
3462	90589	171003
3463	90618	170981
3464	90645	170957
3465	90679	170945
3466	90708	170925
3467	90731	170894
3468	90756	170864
3469	90780	170833
3470	90804	170805
3471	90831	170780
3472	90855	170749
3473	90878	170718
3474	90910	170702
3475	90941	170685
3476	90963	170651
3477	90986	170619
3478	91010	170589
3479	91038	170566
3480	91062	170536
3481	91088	170509
3482	91114	170483
3483	91139	170455
3484	91168	170434
3485	91194	170408
3486	91221	170382
3487	91244	170351
3488	91271	170326
3489	91296	170298
3490	91321	170270
3491	91356	170259
3492	91379	170227
3493	91407	170206
3494	91433	170178
3495	91459	170152
3496	91484	170124
3497	91513	170104
3498	91540	170079
3499	91575	170068
3500	91596	170033
3501	91619	170000
3502	91641	169967
3503	91667	169940
3504	91691	169911
3505	91716	169882
3506	91742	169855
3507	91770	169833
3508	91797	169809
3509	91822	169780
3510	91849	169755
3511	91878	169734
3512	91905	169709
3513	91930	169681
3514	91959	169660
3515	91981	169627
3516	92005	169597
3517	92030	169568
3518	92056	169541
3519	92082	169516
3520	92114	169500
3521	92149	169490
3522	92180	169472
3523	92209	169452
3524	92241	169436
3525	92264	169405
3526	92289	169376
3527	92318	169354
3528	92345	169331
3529	92370	169302
3530	92393	169270
3531	92415	169237
3532	92443	169214
3533	92469	169187
3534	92495	169161
3535	92521	169135
3536	92544	169102
3537	92572	169080
3538	92601	169057
3539	92623	169025
3540	92647	168994
3541	92674	168969
3542	92702	168946
3543	92726	168916
3544	92751	168889
3545	92779	168865
3546	92807	168842
3547	92830	168811
3548	92855	168783
3549	92882	168758
3550	92907	168729
3551	92929	168697
3552	92952	168664
3553	92978	168638
3554	93001	168606
3555	93027	168580
3556	93050	168548
3557	93077	168522
3558	93100	168490
3559	93123	168458
3560	93149	168433
3561	93184	168422
3562	93211	168398
3563	93237	168371
3564	93261	168341
3565	93287	168314
3566	93312	168286
3567	93342	168266
3568	93366	168237
3569	93391	168209
3570	93424	168194
3571	93446	168162
3572	93472	168134
3573	93495	168104
3574	93526	168085
3575	93549	168054
3576	93574	168026
3577	93600	167999
3578	93622	167966
3579	93648	167940
3580	93674	167912
3581	93709	167903
3582	93735	167875
3583	93763	167853
3584	93790	167828
3585	93815	167801
3586	93850	167790
3587	93875	167761
3588	93900	167733
3589	93923	167701
3590	93950	167676
3591	93975	167648
3592	94000	167620
3593	94027	167596
3594	94053	167570
3595	94081	167547
3596	94111	167527
3597	94140	167506
3598	94168	167483
3599	94199	167465
3600	94232	167451
3601	94273	167452
3602	94299	167426
3603	94326	167401
3604	94351	167373
3605	94382	167355
3606	94410	167332
3607	94433	167300
3608	94455	167266
3609	94477	167232
3610	94504	167207
3611	94535	167190
3612	94559	167160
3613	94587	167137
3614	94615	167114
3615	94650	167104
3616	94674	167074
3617	94706	167058
3618	94740	167045
3619	94765	167017
3620	94797	167001
3621	94826	166980
3622	94848	166946
3623	94870	166913
3624	94894	166883
3625	94922	166860
3626	94949	166835
3627	94979	166816
3628	95005	166790
3629	95034	166769
3630	95057	166736
3631	95079	166703
3632	95104	166675
3633	95131	166650
3634	95163	166634
3635	95187	166603
3636	95214	166578
3637	95242	166555
3638	95267	166529
3639	95294	166503
3640	95322	166479
3641	95348	166453
3642	95374	166428
3643	95398	166397
3644	95423	166369
3645	95446	166338
3646	95471	166309
3647	95495	166279
3648	95520	166251
3649	95549	166230
3650	95575	166202
3651	95598	166171
3652	95624	166145
3653	95648	166115
3654	95672	166085
3655	95697	166057
3656	95726	166035
3657	95752	166009
3658	95785	165994
3659	95809	165965
3660	95836	165940
3661	95861	165912
3662	95890	165890
3663	95915	165863
3664	95943	165839
3665	95970	165814
3666	95995	165787
3667	96027	165771
3668	96054	165745
3669	96085	165728
3670	96112	165702
3671	96139	165677
3672	96165	165651
3673	96187	165619
3674	96212	165590
3675	96247	165580
3676	96275	165557
3677	96299	165525
3678	96329	165507
3679	96354	165478
3680	96381	165453
3681	96404	165421
3682	96428	165392
3683	96452	165362
3684	96475	165330
3685	96498	165299
3686	96524	165272
3687	96552	165249
3688	96577	165220
3689	96602	165193
3690	96628	165165
3691	96654	165139
3692	96677	165108
3693	96706	165086
3694	96731	165058
3695	96761	165039
3696	96785	165009
3697	96813	164986
3698	96840	164961
3699	96862	164928
3700	96886	164898
3701	96911	164869
3702	96937	164842
3703	96961	164813
3704	96986	164785
3705	97009	164754
3706	97035	164726
3707	97060	164698
3708	97086	164672
3709	97110	164642
3710	97137	164617
3711	97162	164590
3712	97189	164565
3713	97214	164537
3714	97239	164509
3715	97266	164483
3716	97296	164465
3717	97323	164439
3718	97350	164414
3719	97376	164388
3720	97400	164357
3721	97422	164325
3722	97446	164296
3723	97471	164266
3724	97494	164235
3725	97525	164217
3726	97549	164188
3727	97575	164161
3728	97608	164146
3729	97632	164117
3730	97660	164093
3731	97685	164065
3732	97708	164034
3733	97732	164004
3734	97760	163981
3735	97793	163966
3736	97820	163940
3737	97845	163913
3738	97869	163883
3739	97892	163851
3740	97915	163820
3741	97938	163788
3742	97963	163760
3743	97991	163737
3744	98015	163707
3745	98039	163678
3746	98065	163651
3747	98091	163624
3748	98117	163598
3749	98139	163565
3750	98164	163537
3751	98191	163513
3752	98219	163490
3753	98243	163460
3754	98271	163436
3755	98297	163410
3756	98327	163391
3757	98359	163374
3758	98383	163344
3759	98406	163312
3760	98431	163285
3761	98460	163263
3762	98491	163244
3763	98519	163221
3764	98549	163201
3765	98577	163178
3766	98604	163153
3767	98629	163126
3768	98654	163097
3769	98680	163070
3770	98702	163039
3771	98731	163017
3772	98757	162990
3773	98785	162967
3774	98814	162945
3775	98848	162933
3776	98878	162913
3777	98909	162894
3778	98939	162874
3779	98965	162848
3780	98991	162821
3781	99017	162794
3782	99044	162770
3783	99069	162741
3784	99093	162713
3785	99126	162697
3786	99154	162673
3787	99181	162648
3788	99205	162619
3789	99229	162589
3790	99254	162561
3791	99284	162541
3792	99326	162541
3793	99355	162519
3794	99386	162501
3795	99409	162470
3796	99432	162439
3797	99458	162411
3798	99488	162392
3799	99512	162362
3800	99539	162338
3801	99566	162312
3802	99591	162285
3803	99621	162264
3804	99654	162249
3805	99678	162220
3806	99706	162195
3807	99729	162165
3808	99752	162134
3809	99781	162112
3810	99806	162083
3811	99838	162066
3812	99865	162041
3813	99898	162027
3814	99923	161999
3815	99946	161968
3816	99970	161937
3817	99995	161910
3818	100022	161884
3819	100045	161854
3820	100069	161823
3821	100093	161794
3822	100123	161774
3823	100147	161744
3824	100174	161720
3825	100207	161704
3826	100233	161678
3827	100258	161649
3828	100281	161618
3829	100314	161603
3830	100343	161581
3831	100373	161561
3832	100398	161534
3833	100425	161508
3834	100457	161491
3835	100480	161460
3836	100504	161430
3837	100526	161398
3838	100552	161371
3839	100576	161341
3840	100600	161312
3841	100632	161295
3842	100656	161265
3843	100679	161233
3844	100703	161204
3845	100731	161180
3846	100757	161155
3847	100781	161124
3848	100804	161093
3849	100834	161072
3850	100859	161045
3851	100884	161016
3852	100912	160993
3853	100939	160968
3854	100971	160951
3855	100994	160920
3856	101019	160892
3857	101044	160863
3858	101067	160832
3859	101091	160803
3860	101117	160776
3861	101141	160747
3862	101165	160718
3863	101195	160697
3864	101226	160678
3865	101255	160657
3866	101278	160626
3867	101303	160598
3868	101331	160574
3869	101357	160547
3870	101386	160525
3871	101411	160498
3872	101438	160473
3873	101461	160442
3874	101484	160410
3875	101506	160377
3876	101531	160349
3877	101556	160321
3878	101581	160293
3879	101604	160263
3880	101632	160239
3881	101658	160212
3882	101680	160180
3883	101707	160155
3884	101736	160133
3885	101763	160109
3886	101787	160078
3887	101812	160050
3888	101841	160028
3889	101866	160001
3890	101893	159976
3891	101918	159947
3892	101945	159922
3893	101968	159892
3894	101995	159866
3895	102019	159837
3896	102043	159808
3897	102067	159779
3898	102091	159748
3899	102116	159719
3900	102141	159692
3901	102170	159670
3902	102199	159649
3903	102226	159624
3904	102253	159599
3905	102284	159580
3906	102309	159552
3907	102333	159523
3908	102364	159503
3909	102395	159486
3910	102423	159462
3911	102450	159436
3912	102481	159419
3913	102504	159386
3914	102525	159353
3915	102553	159329
3916	102575	159297
3917	102598	159266
3918	102621	159235
3919	102647	159208
3920	102672	159180
3921	102694	159148
3922	102715	159113
3923	102738	159082
3924	102763	159054
3925	102788	159025
3926	102815	159001
3927	102840	158972
3928	102872	158956
3929	102898	158930
3930	102925	158904
3931	102954	158883
3932	102984	158862
3933	103010	158835
3934	103032	158803
3935	103058	158776
3936	103085	158752
3937	103109	158722
3938	103133	158692
3939	103157	158664
3940	103183	158637
3941	103207	158607
3942	103233	158580
3943	103258	158552
3944	103283	158525
3945	103308	158497
3946	103334	158471
3947	103360	158443
3948	103387	158419
3949	103413	158392
3950	103438	158365
3951	103469	158345
3952	103493	158316
3953	103515	158284
3954	103543	158260
3955	103569	158233
3956	103594	158206
3957	103617	158175
3958	103643	158149
3959	103669	158122
3960	103693	158092
3961	103727	158079
3962	103756	158056
3963	103781	158029
3964	103805	157999
3965	103829	157969
3966	103855	157943
3967	103883	157920
3968	103912	157897
3969	103941	157875
3970	103976	157862
3971	104000	157833
3972	104023	157801
3973	104044	157769
3974	104068	157739
3975	104095	157713
3976	104121	157687
3977	104148	157661
3978	104174	157636
3979	104203	157614
3980	104227	157584
3981	104254	157559
3982	104280	157533
3983	104305	157505
3984	104328	157474
3985	104352	157445
3986	104383	157425
3987	104406	157395
3988	104431	157367
3989	104456	157338
3990	104483	157313
3991	104507	157285
3992	104533	157258
3993	104558	157230
3994	104589	157211
3995	104614	157183
3996	104638	157154
3997	104666	157131
3998	104691	157103
3999	104719	157078
4000	104743	157050
4001	104769	157024
4002	104797	156999
4003	104823	156973
4004	104855	156955
4005	104878	156925
4006	104904	156899
4007	104934	156878
4008	104959	156849
4009	104984	156822
4010	105013	156800
4011	105042	156777
4012	105065	156747
4013	105088	156715
4014	105112	156687
4015	105139	156661
4016	105164	156633
4017	105190	156607
4018	105216	156580
4019	105241	156552
4020	105265	156523
4021	105298	156507
4022	105331	156491
4023	105356	156463
4024	105382	156438
4025	105415	156421
4026	105439	156392
4027	105464	156363
4028	105486	156331
4029	105513	156306
4030	105538	156278
4031	105564	156252
4032	105590	156225
4033	105616	156198
4034	105640	156170
4035	105663	156139
4036	105687	156109
4037	105709	156077
4038	105733	156047
4039	105758	156020
4040	105785	155994
4041	105809	155965
4042	105836	155940
4043	105862	155913
4044	105889	155889
4045	105917	155865
4046	105948	155846
4047	105971	155816
4048	105994	155784
4049	106019	155756
4050	106044	155728
4051	106067	155697
4052	106089	155665
4053	106112	155635
4054	106140	155611
4055	106169	155588
4056	106191	155557
4057	106216	155529
4058	106242	155503
4059	106267	155475
4060	106292	155447
4061	106315	155415
4062	106340	155388
4063	106367	155364
4064	106395	155340
4065	106419	155310
4066	106449	155290
4067	106473	155261
4068	106502	155239
4069	106527	155211
4070	106553	155184
4071	106579	155158
4072	106611	155140
4073	106638	155114
4074	106666	155091
4075	106693	155067
4076	106719	155040
4077	106749	155019
4078	106780	155000
4079	106804	154970
4080	106827	154940
4081	106852	154912
4082	106881	154890
4083	106911	154870
4084	106938	154845
4085	106967	154822
4086	106994	154798
4087	107024	154776
4088	107051	154752
4089	107082	154732
4090	107104	154700
4091	107130	154674
4092	107156	154647
4093	107178	154615
4094	107201	154584
4095	107224	154553
4096	107256	154535
4097	107282	154509
4098	107307	154482
4099	107333	154456
4100	107366	154438
4101	107395	154417
4102	107423	154393
4103	107456	154376
4104	107489	154361
4105	107513	154331
4106	107537	154302
4107	107560	154270
4108	107583	154240
4109	107607	154210
4110	107630	154179
4111	107653	154150
4112	107678	154121
4113	107702	154092
4114	107729	154067
4115	107753	154038
4116	107777	154009
4117	107803	153982
4118	107829	153955
4119	107851	153924
4120	107875	153894
4121	107900	153866
4122	107928	153843
4123	107954	153816
4124	107982	153792
4125	108005	153763
4126	108032	153737
4127	108059	153712
4128	108084	153684
4129	108107	153654
4130	108138	153635
4131	108170	153616
4132	108197	153592
4133	108224	153566
4134	108247	153535
4135	108273	153509
4136	108300	153484
4137	108329	153462
4138	108352	153432
4139	108378	153405
4140	108404	153378
4141	108428	153350
4142	108459	153330
4143	108487	153307
4144	108514	153282
4145	108537	153251
4146	108565	153228
4147	108592	153201
4148	108618	153175
4149	108641	153145
4150	108665	153116
4151	108689	153086
4152	108714	153059
4153	108739	153031
4154	108777	153021
4155	108802	152993
4156	108827	152966
4157	108853	152939
4158	108880	152914
4159	108903	152884
4160	108932	152861
4161	108961	152839
4162	108987	152813
4163	109015	152789
4164	109041	152762
4165	109065	152733
4166	109097	152716
4167	109126	152692
4168	109151	152664
4169	109173	152633
4170	109196	152603
4171	109222	152575
4172	109251	152554
4173	109277	152528
4174	109301	152497
4175	109328	152473
4176	109351	152443
4177	109376	152415
4178	109401	152386
4179	109432	152368
4180	109464	152349
4181	109500	152337
4182	109530	152316
4183	109562	152297
4184	109585	152267
4185	109612	152242
4186	109638	152216
4187	109668	152194
4188	109698	152174
4189	109723	152146
4190	109748	152119
4191	109772	152088
4192	109795	152058
4193	109818	152028
4194	109843	152000
4195	109867	151970
4196	109890	151940
4197	109913	151909
4198	109942	151887
4199	109964	151855
4200	109999	151841
4201	110030	151822
4202	110060	151801
4203	110085	151773
4204	110111	151747
4205	110141	151725
4206	110170	151703
4207	110196	151676
4208	110218	151645
4209	110243	151617
4210	110271	151594
4211	110296	151565
4212	110318	151534
4213	110345	151508
4214	110368	151478
4215	110391	151447
4216	110415	151418
4217	110444	151396
4218	110472	151373
4219	110505	151356
4220	110530	151327
4221	110555	151300
4222	110579	151271
4223	110602	151240
4224	110626	151210
4225	110651	151183
4226	110677	151156
4227	110700	151126
4228	110725	151099
4229	110752	151073
4230	110776	151044
4231	110799	151013
4232	110831	150995
4233	110856	150968
4234	110884	150943
4235	110908	150914
4236	110934	150889
4237	110963	150866
4238	110990	150840
4239	111014	150812
4240	111040	150785
4241	111064	150756
4242	111088	150727
4243	111114	150701
4244	111139	150673
4245	111165	150647
4246	111188	150616
4247	111211	150586
4248	111235	150556
4249	111262	150531
4250	111290	150507
4251	111312	150476
4252	111341	150453
4253	111371	150433
4254	111398	150407
4255	111421	150376
4256	111444	150346
4257	111473	150324
4258	111502	150302
4259	111528	150276
4260	111564	150262
4261	111593	150239
4262	111616	150210
4263	111640	150179
4264	111666	150154
4265	111690	150124
4266	111714	150096
4267	111738	150066
4268	111767	150043
4269	111791	150015
4270	111819	149991
4271	111851	149973
4272	111877	149946
4273	111902	149918
4274	111932	149897
4275	111962	149876
4276	111993	149857
4277	112023	149835
4278	112059	149822
4279	112089	149801
4280	112112	149771
4281	112136	149741
4282	112165	149719
4283	112193	149696
4284	112217	149667
4285	112240	149636
4286	112273	149619
4287	112297	149590
4288	112322	149562
4289	112344	149530
4290	112372	149506
4291	112395	149476
4292	112426	149456
4293	112449	149425
4294	112477	149402
4295	112508	149382
4296	112541	149366
4297	112572	149346
4298	112599	149320
4299	112629	149299
4300	112658	149277
4301	112683	149248
4302	112708	149221
4303	112732	149192
4304	112759	149166
4305	112785	149140
4306	112810	149112
4307	112837	149088
4308	112867	149066
4309	112892	149038
4310	112916	149010
4311	112941	148981
4312	112967	148955
4313	112993	148929
4314	113018	148901
4315	113045	148875
4316	113077	148857
4317	113100	148827
4318	113133	148809
4319	113157	148780
4320	113184	148756
4321	113210	148729
4322	113234	148699
4323	113257	148669
4324	113284	148644
4325	113310	148618
4326	113336	148591
4327	113374	148581
4328	113409	148567
4329	113432	148535
4330	113459	148511
4331	113492	148494
4332	113525	148476
4333	113550	148449
4334	113577	148423
4335	113604	148398
4336	113628	148369
4337	113651	148339
4338	113675	148310
4339	113701	148283
4340	113725	148255
4341	113751	148227
4342	113773	148196
4343	113800	148171
4344	113824	148142
4345	113847	148111
4346	113870	148081
4347	113896	148054
4348	113920	148026
4349	113944	147996
4350	113967	147966
4351	113993	147939
4352	114021	147916
4353	114046	147888
4354	114073	147863
4355	114099	147836
4356	114123	147808
4357	114148	147779
4358	114171	147750
4359	114203	147731
4360	114226	147700
4361	114260	147684
4362	114282	147653
4363	114307	147625
4364	114333	147599
4365	114356	147568
4366	114379	147537
4367	114404	147510
4368	114433	147487
4369	114457	147458
4370	114480	147428
4371	114506	147402
4372	114532	147375
4373	114560	147352
4374	114590	147330
4375	114615	147302
4376	114644	147280
4377	114670	147254
4378	114693	147223
4379	114716	147193
4380	114742	147167
4381	114764	147135
4382	114787	147104
4383	114809	147073
4384	114835	147046
4385	114858	147016
4386	114880	146984
4387	114906	146958
4388	114934	146934
4389	114957	146904
4390	114980	146873
4391	115003	146844
4392	115033	146822
4393	115056	146792
4394	115082	146766
4395	115106	146737
4396	115132	146710
4397	115158	146684
4398	115186	146661
4399	115213	146635
4400	115240	146610
4401	115266	146583
4402	115289	146552
4403	115311	146521
4404	115337	146495
4405	115363	146468
4406	115386	146438
4407	115409	146408
4408	115435	146382
4409	115464	146360
4410	115487	146329
4411	115511	146301
4412	115540	146277
4413	115565	146250
4414	115590	146222
4415	115617	146197
4416	115645	146172
4417	115668	146143
4418	115693	146115
4419	115721	146091
4420	115747	146065
4421	115772	146038
4422	115795	146007
4423	115821	145981
4424	115847	145954
4425	115872	145926
4426	115896	145898
4427	115920	145868
4428	115945	145841
4429	115969	145813
4430	115993	145783
4431	116016	145753
4432	116048	145735
4433	116074	145707
4434	116104	145687
4435	116129	145659
4436	116155	145633
4437	116179	145604
4438	116204	145576
4439	116232	145552
4440	116258	145526
4441	116282	145496
4442	116305	145467
4443	116331	145440
4444	116359	145416
4445	116385	145390
4446	116407	145359
4447	116431	145329
4448	116458	145304
4449	116481	145274
4450	116508	145249
4451	116533	145221
4452	116563	145200
4453	116590	145174
4454	116620	145153
4455	116645	145126
4456	116671	145100
4457	116694	145069
4458	116715	145037
4459	116744	145014
4460	116772	144991
4461	116795	144960
4462	116824	144938
4463	116849	144910
4464	116872	144879
4465	116898	144853
4466	116920	144822
4467	116943	144791
4468	116970	144767
4469	116997	144742
4470	117021	144712
4471	117046	144685
4472	117072	144659
4473	117098	144632
4474	117120	144601
4475	117142	144570
4476	117169	144544
4477	117196	144519
4478	117222	144493
4479	117246	144465
4480	117273	144439
4481	117299	144412
4482	117321	144381
4483	117344	144351
4484	117367	144321
4485	117397	144300
4486	117421	144271
4487	117444	144241
4488	117469	144213
4489	117493	144184
4490	117517	144155
4491	117544	144130
4492	117569	144102
4493	117597	144078
4494	117623	144052
4495	117650	144027
4496	117675	143999
4497	117698	143970
4498	117722	143941
4499	117746	143912
4500	117773	143886
4501	117799	143860
4502	117828	143838
4503	117854	143811
4504	117877	143781
4505	117902	143753
4506	117925	143723
4507	117952	143699
4508	117982	143678
4509	118010	143654
4510	118045	143638
4511	118074	143615
4512	118102	143591
4513	118126	143562
4514	118150	143533
4515	118176	143507
4516	118203	143481
4517	118229	143455
4518	118254	143428
4519	118280	143401
4520	118311	143382
4521	118342	143360
4522	118370	143337
4523	118397	143312
4524	118426	143289
4525	118452	143263
4526	118503	143266
4527	118531	143243
4528	118558	143217
4529	118586	143193
4530	118616	143172
4531	118645	143149
4532	118666	143117
4533	118689	143086
4534	118712	143057
4535	118738	143030
4536	118762	143002
4537	118791	142979
4538	118818	142953
4539	118845	142928
4540	118871	142901
4541	118895	142872
4542	118924	142851
4543	118951	142825
4544	118979	142801
4545	119006	142776
4546	119031	142749
4547	119061	142727
4548	119087	142700
4549	119114	142675
4550	119145	142655
4551	119173	142631
4552	119201	142607
4553	119224	142577
4554	119251	142552
4555	119278	142527
4556	119305	142501
4557	119332	142476
4558	119363	142455
4559	119390	142430
4560	119417	142405
4561	119447	142383
4562	119474	142358
4563	119498	142329
4564	119520	142298
4565	119546	142271
4566	119583	142259
4567	119609	142232
4568	119635	142206
4569	119661	142179
4570	119685	142150
4571	119708	142120
4572	119731	142090
4573	119754	142061
4574	119780	142034
4575	119806	142008
4576	119833	141983
4577	119861	141959
4578	119886	141931
4579	119908	141900
4580	119941	141882
4581	119968	141857
4582	119990	141826
4583	120018	141801
4584	120040	141770
4585	120069	141747
4586	120093	141719
4587	120119	141693
4588	120145	141666
4589	120172	141641
4590	120199	141615
4591	120225	141590
4592	120252	141564
4593	120280	141539
4594	120303	141510
4595	120330	141484
4596	120357	141460
4597	120383	141433
4598	120405	141402
4599	120436	141382
4600	120465	141359
4601	120492	141333
4602	120516	141305
4603	120542	141278
4604	120572	141256
4605	120598	141230
4606	120623	141202
4607	120651	141179
4608	120678	141153
4609	120707	141130
4610	120737	141108
4611	120762	141081
4612	120789	141056
4613	120817	141032
4614	120844	141006
4615	120871	140982
4616	120897	140955
4617	120924	140930
4618	120956	140910
4619	120984	140886
4620	121013	140864
4621	121040	140838
4622	121064	140810
4623	121094	140787
4624	121121	140763
4625	121152	140742
4626	121179	140716
4627	121204	140688
4628	121231	140663
4629	121256	140636
4630	121287	140616
4631	121311	140587
4632	121334	140557
4633	121359	140529
4634	121385	140503
4635	121416	140482
4636	121438	140452
4637	121465	140425
4638	121495	140404
4639	121519	140375
4640	121547	140352
4641	121570	140322
4642	121602	140302
4643	121633	140282
4644	121665	140262
4645	121694	140239
4646	121715	140207
4647	121742	140181
4648	121764	140151
4649	121794	140129
4650	121817	140099
4651	121842	140071
4652	121869	140046
4653	121896	140020
4654	121919	139990
4655	121946	139965
4656	121970	139937
4657	121995	139909
4658	122018	139880
4659	122047	139856
4660	122074	139831
4661	122102	139808
4662	122131	139784
4663	122159	139760
4664	122183	139732
4665	122209	139705
4666	122235	139678
4667	122257	139647
4668	122280	139617
4669	122305	139590
4670	122340	139574
4671	122363	139544
4672	122391	139520
4673	122416	139492
4674	122443	139467
4675	122467	139438
4676	122496	139415
4677	122521	139388
4678	122547	139361
4679	122571	139332
4680	122597	139307
4681	122626	139283
4682	122654	139260
4683	122683	139236
4684	122708	139209
4685	122736	139184
4686	122759	139155
4687	122782	139125
4688	122812	139103
4689	122837	139076
4690	122864	139051
4691	122890	139024
4692	122917	138998
4693	122944	138974
4694	122968	138945
4695	122993	138917
4696	123024	138896
4697	123048	138867
4698	123072	138839
4699	123099	138814
4700	123130	138793
4701	123156	138767
4702	123182	138741
4703	123206	138711
4704	123231	138684
4705	123259	138660
4706	123282	138630
4707	123305	138601
4708	123332	138575
4709	123356	138546
4710	123379	138516
4711	123403	138488
4712	123427	138459
4713	123453	138432
4714	123480	138407
4715	123503	138378
4716	123530	138353
4717	123559	138329
4718	123581	138299
4719	123623	138290
4720	123650	138265
4721	123677	138240
4722	123703	138213
4723	123730	138188
4724	123755	138160
4725	123779	138132
4726	123803	138103
4727	123831	138079
4728	123858	138054
4729	123880	138023
4730	123907	137998
4731	123931	137969
4732	123959	137944
4733	123987	137921
4734	124014	137896
4735	124040	137869
4736	124066	137843
4737	124095	137820
4738	124125	137798
4739	124154	137774
4740	124181	137749
4741	124211	137727
4742	124236	137699
4743	124261	137672
4744	124283	137641
4745	124307	137612
4746	124330	137583
4747	124356	137557
4748	124387	137536
4749	124409	137505
4750	124439	137482
4751	124465	137456
4752	124492	137431
4753	124520	137406
4754	124550	137385
4755	124575	137358
4756	124600	137329
4757	124625	137302
4758	124651	137276
4759	124679	137252
4760	124709	137229
4761	124735	137204
4762	124766	137182
4763	124796	137160
4764	124822	137134
4765	124845	137104
4766	124870	137077
4767	124893	137047
4768	124918	137020
4769	124946	136995
4770	124972	136968
4771	124996	136940
4772	125024	136916
4773	125047	136887
4774	125074	136861
4775	125098	136833
4776	125126	136808
4777	125153	136783
4778	125181	136759
4779	125207	136732
4780	125233	136706
4781	125260	136681
4782	125292	136661
4783	125315	136631
4784	125338	136602
4785	125362	136573
4786	125390	136549
4787	125414	136520
4788	125437	136490
4789	125460	136461
4790	125486	136434
4791	125509	136404
4792	125534	136377
4793	125560	136351
4794	125586	136324
4795	125612	136298
4796	125640	136274
4797	125671	136252
4798	125695	136224
4799	125719	136196
4800	125745	136169
4801	125772	136144
4802	125797	136117
4803	125820	136086
4804	125844	136059
4805	125869	136031
4806	125898	136007
4807	125922	135979
4808	125950	135955
4809	125974	135926
4810	126000	135900
4811	126027	135874
4812	126053	135848
4813	126078	135821
4814	126104	135794
4815	126131	135769
4816	126162	135748
4817	126190	135724
4818	126216	135697
4819	126244	135673
4820	126275	135652
4821	126305	135630
4822	126328	135601
4823	126351	135571
4824	126375	135543
4825	126400	135515
4826	126425	135488
4827	126456	135466
4828	126487	135445
4829	126511	135417
4830	126535	135388
4831	126562	135363
4832	126587	135336
4833	126613	135309
4834	126641	135284
4835	126667	135259
4836	126696	135235
4837	126732	135219
4838	126760	135195
4839	126789	135171
4840	126820	135151
4841	126848	135126
4842	126872	135098
4843	126901	135075
4844	126930	135051
4845	126952	135021
4846	126991	135008
4847	127036	135002
4848	127068	134982
4849	127093	134955
4850	127119	134928
4851	127144	134901
4852	127170	134874
4853	127201	134853
4854	127225	134825
4855	127250	134797
4856	127274	134768
4857	127302	134744
4858	127328	134718
4859	127351	134689
4860	127375	134660
4861	127398	134631
4862	127425	134604
4863	127450	134578
4864	127481	134556
4865	127511	134534
4866	127537	134508
4867	127563	134481
4868	127591	134457
4869	127618	134431
4870	127645	134405
4871	127670	134379
4872	127702	134358
4873	127731	134335
4874	127756	134308
4875	127782	134281
4876	127805	134252
4877	127831	134225
4878	127862	134204
4879	127890	134180
4880	127919	134156
4881	127944	134129
4882	127973	134105
4883	127997	134077
4884	128020	134048
4885	128047	134022
4886	128073	133995
4887	128096	133967
4888	128124	133942
4889	128149	133914
4890	128178	133892
4891	128207	133868
4892	128238	133846
4893	128267	133824
4894	128293	133797
4895	128316	133767
4896	128341	133740
4897	128365	133711
4898	128394	133688
4899	128421	133663
4900	128446	133635
4901	128474	133611
4902	128499	133583
4903	128532	133565
4904	128562	133542
4905	128591	133518
4906	128614	133489
4907	128638	133460
4908	128668	133438
4909	128697	133415
4910	128724	133389
4911	128753	133367
4912	128777	133338
4913	128805	133313
4914	128828	133284
4915	128856	133260
4916	128879	133230
4917	128908	133207
4918	128933	133179
4919	128959	133153
4920	128985	133127
4921	129012	133101
4922	129036	133073
4923	129062	133046
4924	129088	133020
4925	129112	132991
4926	129136	132962
4927	129159	132933
4928	129183	132905
4929	129214	132884
4930	129248	132866
4931	129280	132845
4932	129306	132819
4933	129333	132793
4934	129359	132767
4935	129384	132739
4936	129407	132710
4937	129442	132693
4938	129470	132668
4939	129497	132643
4940	129523	132616
4941	129549	132589
4942	129575	132564
4943	129599	132534
4944	129622	132505
4945	129647	132478
4946	129673	132452
4947	129697	132423
4948	129727	132401
4949	129758	132380
4950	129785	132354
4951	129811	132328
4952	129836	132300
4953	129863	132275
4954	129889	132249
4955	129913	132220
4956	129941	132196
4957	129967	132169
4958	129997	132146
4959	130026	132123
4960	130051	132095
4961	130077	132069
4962	130103	132043
4963	130127	132014
4964	130150	131985
4965	130176	131958
4966	130201	131931
4967	130229	131907
4968	130255	131881
4969	130282	131855
4970	130310	131830
4971	130334	131802
4972	130361	131777
4973	130390	131753
4974	130413	131724
4975	130437	131695
4976	130465	131670
4977	130492	131645
4978	130515	131616
4979	130538	131586
4980	130568	131564
4981	130592	131536
4982	130617	131508
4983	130643	131482
4984	130667	131454
4985	130693	131427
4986	130723	131405
4987	130757	131387
4988	130784	131361
4989	130811	131335
4990	130835	131307
4991	130859	131278
4992	130883	131250
4993	130910	131224
4994	130936	131198
4995	130960	131170
4996	130987	131144
4997	131012	131117
4998	131037	131089
4999	131060	131060
5000	131093	131040
5001	131121	131016
5002	131150	130992
5003	131177	130967
5004	131204	130942
5005	131229	130914
5006	131260	130893
5007	131289	130869
5008	131322	130850
5009	131347	130823
5010	131376	130799
5011	131402	130773
5012	131424	130743
5013	131449	130715
5014	131483	130696
5015	131508	130669
5016	131532	130641
5017	131558	130614
5018	131584	130587
5019	131609	130561
5020	131632	130531
5021	131660	130506
5022	131683	130477
5023	131709	130451
5024	131734	130423
5025	131760	130397
5026	131789	130373
5027	131822	130354
5028	131849	130329
5029	131872	130299
5030	131894	130268
5031	131919	130241
5032	131942	130212
5033	131964	130182
5034	131990	130155
5035	132022	130134
5036	132049	130109
5037	132077	130084
5038	132104	130059
5039	132130	130033
5040	132158	130008
5041	132186	129984
5042	132211	129957
5043	132235	129928
5044	132260	129901
5045	132290	129878
5046	132319	129854
5047	132346	129829
5048	132371	129802
5049	132394	129773
5050	132419	129745
5051	132445	129719
5052	132472	129693
5053	132499	129668
5054	132523	129639
5055	132553	129616
5056	132577	129588
5057	132603	129562
5058	132630	129536
5059	132653	129507
5060	132678	129480
5061	132701	129451
5062	132727	129424
5063	132757	129402
5064	132788	129380
5065	132816	129356
5066	132841	129328
5067	132867	129302
5068	132895	129277
5069	132919	129249
5070	132947	129224
5071	132970	129195
5072	132998	129170
5073	133029	129149
5074	133055	129123
5075	133081	129096
5076	133108	129071
5077	133135	129045
5078	133161	129019
5079	133184	128989
5080	133207	128960
5081	133237	128937
5082	133261	128909
5083	133289	128885
5084	133314	128858
5085	133344	128835
5086	133370	128808
5087	133394	128779
5088	133422	128756
5089	133456	128737
5090	133483	128711
5091	133508	128684
5092	133533	128656
5093	133558	128629
5094	133582	128601
5095	133610	128576
5096	133634	128547
5097	133661	128522
5098	133689	128498
5099	133711	128468
5100	133736	128440
5101	133763	128415
5102	133795	128394
5103	133827	128373
5104	133854	128348
5105	133879	128321
5106	133911	128299
5107	133933	128269
5108	133958	128242
5109	133983	128215
5110	134007	128186
5111	134033	128160
5112	134058	128133
5113	134084	128106
5114	134108	128078
5115	134132	128049
5116	134158	128022
5117	134184	127996
5118	134209	127969
5119	134236	127944
5120	134264	127919
5121	134294	127896
5122	134319	127869
5123	134351	127849
5124	134379	127824
5125	134403	127796
5126	134427	127768
5127	134451	127739
5128	134478	127713
5129	134508	127691
5130	134532	127663
5131	134558	127636
5132	134589	127614
5133	134615	127588
5134	134646	127566
5135	134673	127541
5136	134700	127515
5137	134725	127488
5138	134752	127462
5139	134780	127437
5140	134809	127414
5141	134836	127389
5142	134858	127359
5143	134884	127332
5144	134909	127305
5145	134933	127276
5146	134960	127251
5147	134987	127226
5148	135012	127198
5149	135036	127170
5150	135063	127144
5151	135091	127120
5152	135119	127095
5153	135144	127068
5154	135168	127040
5155	135196	127015
5156	135220	126987
5157	135253	126967
5158	135279	126941
5159	135308	126917
5160	135339	126895
5161	135367	126870
5162	135392	126843
5163	135417	126815
5164	135440	126786
5165	135462	126756
5166	135487	126729
5167	135510	126700
5168	135545	126681
5169	135571	126655
5170	135597	126629
5171	135621	126601
5172	135645	126572
5173	135669	126544
5174	135692	126515
5175	135719	126489
5176	135742	126460
5177	135773	126438
5178	135801	126414
5179	135830	126390
5180	135853	126361
5181	135880	126335
5182	135906	126309
5183	135935	126286
5184	135962	126260
5185	135987	126233
5186	136012	126205
5187	136035	126175
5188	136059	126148
5189	136087	126123
5190	136112	126096
5191	136137	126068
5192	136161	126040
5193	136191	126017
5194	136220	125994
5195	136249	125970
5196	136279	125947
5197	136308	125924
5198	136338	125900
5199	136371	125881
5200	136396	125854
5201	136429	125833
5202	136456	125808
5203	136481	125781
5204	136506	125754
5205	136532	125726
5206	136557	125700
5207	136585	125675
5208	136612	125649
5209	136638	125623
5210	136660	125593
5211	136684	125565
5212	136711	125539
5213	136734	125510
5214	136757	125481
5215	136784	125455
5216	136814	125432
5217	136853	125418
5218	136878	125391
5219	136901	125362
5220	136931	125339
5221	136958	125313
5222	136984	125287
5223	137008	125258
5224	137033	125231
5225	137055	125201
5226	137082	125175
5227	137106	125147
5228	137132	125121
5229	137156	125092
5230	137181	125065
5231	137205	125037
5232	137231	125010
5233	137253	124980
5234	137280	124955
5235	137307	124929
5236	137337	124907
5237	137364	124881
5238	137392	124856
5239	137418	124830
5240	137443	124803
5241	137471	124778
5242	137498	124753
5243	137527	124729
5244	137554	124703
5245	137582	124679
5246	137611	124655
5247	137638	124630
5248	137667	124606
5249	137692	124579
5250	137716	124550
5251	137744	124526
5252	137768	124497
5253	137799	124475
5254	137828	124452
5255	137859	124430
5256	137884	124403
5257	137908	124374
5258	137935	124348
5259	137960	124322
5260	137985	124294
5261	138010	124267
5262	138034	124238
5263	138058	124210
5264	138083	124183
5265	138108	124156
5266	138134	124129
5267	138159	124102
5268	138183	124074
5269	138212	124050
5270	138238	124023
5271	138265	123998
5272	138291	123971
5273	138316	123944
5274	138340	123916
5275	138367	123890
5276	138390	123862
5277	138412	123831
5278	138438	123805
5279	138463	123777
5280	138486	123748
5281	138509	123719
5282	138532	123690
5283	138559	123665
5284	138587	123640
5285	138609	123610
5286	138633	123582
5287	138661	123557
5288	138684	123528
5289	138711	123503
5290	138738	123477
5291	138765	123451
5292	138787	123422
5293	138815	123397
5294	138845	123374
5295	138875	123351
5296	138899	123323
5297	138929	123300
5298	138958	123276
5299	138985	123250
5300	139008	123222
5301	139031	123193
5302	139058	123167
5303	139084	123140
5304	139107	123112
5305	139135	123087
5306	139161	123060
5307	139190	123037
5308	139214	123009
5309	139239	122981
5310	139267	122957
5311	139293	122930
5312	139319	122904
5313	139345	122877
5314	139373	122853
5315	139399	122826
5316	139423	122798
5317	139444	122768
5318	139472	122743
5319	139499	122717
5320	139521	122687
5321	139546	122660
5322	139572	122633
5323	139595	122604
5324	139620	122577
5325	139651	122555
5326	139675	122527
5327	139697	122497
5328	139720	122468
5329	139747	122442
5330	139773	122416
5331	139800	122390
5332	139826	122364
5333	139855	122340
5334	139884	122316
5335	139913	122293
5336	139938	122265
5337	139968	122242
5338	139996	122218
5339	140021	122191
5340	140049	122166
5341	140078	122142
5342	140102	122114
5343	140124	122084
5344	140147	122055
5345	140175	122030
5346	140198	122002
5347	140220	121971
5348	140251	121949
5349	140279	121925
5350	140304	121897
5351	140328	121869
5352	140358	121846
5353	140387	121822
5354	140415	121798
5355	140439	121770
5356	140461	121740
5357	140487	121713
5358	140513	121687
5359	140536	121658
5360	140561	121631
5361	140588	121605
5362	140616	121581
5363	140642	121554
5364	140665	121525
5365	140690	121498
5366	140717	121472
5367	140740	121443
5368	140764	121415
5369	140788	121387
5370	140812	121359
5371	140836	121331
5372	140864	121306
5373	140895	121284
5374	140920	121257
5375	140944	121229
5376	140975	121206
5377	141006	121184
5378	141029	121156
5379	141057	121131
5380	141081	121102
5381	141107	121076
5382	141133	121050
5383	141156	121021
5384	141180	120993
5385	141207	120967
5386	141235	120942
5387	141257	120912
5388	141287	120890
5389	141314	120864
5390	141337	120835
5391	141362	120808
5392	141387	120780
5393	141414	120755
5394	141438	120727
5395	141468	120704
5396	141495	120679
5397	141527	120657
5398	141550	120628
5399	141572	120599
5400	141599	120573
5401	141628	120549
5402	141653	120521
5403	141679	120495
5404	141707	120470
5405	141731	120443
5406	141756	120415
5407	141781	120388
5408	141808	120362
5409	141835	120337
5410	141861	120310
5411	141886	120284
5412	141914	120258
5413	141938	120231
5414	141963	120204
5415	141988	120176
5416	142013	120148
5417	142036	120120
5418	142060	120092
5419	142088	120067
5420	142114	120041
5421	142150	120022
5422	142172	119993
5423	142197	119965
5424	142225	119941
5425	142256	119918
5426	142287	119896
5427	142315	119872
5428	142343	119847
5429	142370	119821
5430	142395	119794
5431	142421	119768
5432	142458	119750
5433	142482	119723
5434	142508	119696
5435	142532	119668
5436	142560	119643
5437	142586	119617
5438	142614	119592
5439	142644	119570
5440	142672	119544
5441	142699	119519
5442	142727	119494
5443	142761	119475
5444	142787	119448
5445	142814	119423
5446	142839	119396
5447	142863	119367
5448	142893	119344
5449	142921	119319
5450	142953	119298
5451	142987	119278
5452	143012	119251
5453	143038	119224
5454	143060	119194
5455	143082	119165
5456	143105	119136
5457	143131	119110
5458	143156	119082
5459	143186	119059
5460	143214	119035
5461	143238	119007
5462	143264	118980
5463	143292	118955
5464	143316	118927
5465	143345	118904
5466	143368	118874
5467	143391	118845
5468	143416	118819
5469	143444	118794
5470	143477	118773
5471	143507	118750
5472	143537	118727
5473	143562	118699
5474	143586	118671
5475	143614	118647
5476	143641	118621
5477	143664	118592
5478	143688	118564
5479	143710	118535
5480	143736	118508
5481	143763	118482
5482	143786	118454
5483	143809	118425
5484	143839	118402
5485	143865	118375
5486	143889	118347
5487	143916	118321
5488	143946	118299
5489	143971	118271
5490	144001	118248
5491	144027	118221
5492	144052	118194
5493	144075	118166
5494	144098	118137
5495	144122	118109
5496	144149	118083
5497	144174	118056
5498	144199	118028
5499	144221	117999
5500	144246	117972
5501	144269	117943
5502	144292	117914
5503	144319	117888
5504	144345	117862
5505	144368	117833
5506	144396	117809
5507	144424	117784
5508	144453	117760
5509	144477	117732
5510	144499	117702
5511	144523	117674
5512	144550	117648
5513	144574	117620
5514	144596	117591
5515	144619	117561
5516	144644	117535
5517	144672	117510
5518	144695	117481
5519	144717	117451
5520	144742	117424
5521	144767	117397
5522	144788	117367
5523	144814	117340
5524	144841	117314
5525	144866	117287
5526	144893	117262
5527	144918	117235
5528	144952	117215
5529	144975	117186
5530	144999	117158
5531	145021	117128
5532	145045	117100
5533	145070	117073
5534	145092	117044
5535	145122	117020
5536	145148	116994
5537	145172	116966
5538	145194	116937
5539	145217	116908
5540	145245	116882
5541	145272	116857
5542	145297	116830
5543	145324	116804
5544	145348	116777
5545	145375	116751
5546	145402	116725
5547	145433	116703
5548	145465	116681
5549	145491	116655
5550	145517	116628
5551	145539	116599
5552	145561	116569
5553	145587	116543
5554	145619	116522
5555	145651	116500
5556	145679	116475
5557	145707	116450
5558	145731	116422
5559	145758	116396
5560	145786	116372
5561	145810	116343
5562	145833	116315
5563	145857	116287
5564	145884	116261
5565	145910	116235
5566	145943	116214
5567	145969	116188
5568	145997	116163
5569	146020	116134
5570	146045	116107
5571	146070	116080
5572	146096	116054
5573	146120	116025
5574	146145	115998
5575	146169	115971
5576	146195	115944
5577	146217	115914
5578	146244	115889
5579	146272	115864
5580	146298	115838
5581	146322	115810
5582	146346	115782
5583	146374	115757
5584	146401	115732
5585	146431	115708
5586	146458	115683
5587	146485	115657
5588	146511	115630
5589	146536	115603
5590	146559	115575
5591	146581	115545
5592	146606	115518
5593	146630	115490
5594	146653	115461
5595	146678	115434
5596	146705	115409
5597	146732	115383
5598	146761	115359
5599	146790	115335
5600	146818	115310
5601	146846	115285
5602	146869	115256
5603	146899	115233
5604	146926	115208
5605	146949	115179
5606	146974	115152
5607	147003	115128
5608	147032	115103
5609	147057	115076
5610	147088	115054
5611	147116	115029
5612	147141	115002
5613	147163	114973
5614	147185	114943
5615	147213	114918
5616	147239	114892
5617	147263	114864
5618	147293	114841
5619	147318	114813
5620	147347	114789
5621	147372	114762
5622	147396	114734
5623	147425	114710
5624	147449	114683
5625	147475	114656
5626	147500	114629
5627	147528	114604
5628	147554	114578
5629	147580	114551
5630	147603	114523
5631	147627	114495
5632	147649	114465
5633	147672	114436
5634	147696	114408
5635	147723	114383
5636	147745	114354
5637	147784	114337
5638	147817	114316
5639	147844	114291
5640	147873	114267
5641	147901	114241
5642	147932	114219
5643	147956	114191
5644	147981	114164
5645	148008	114139
5646	148032	114110
5647	148056	114082
5648	148079	114054
5649	148102	114025
5650	148128	113999
5651	148150	113970
5652	148177	113944
5653	148201	113916
5654	148226	113888
5655	148250	113861
5656	148275	113833
5657	148298	113805
5658	148325	113779
5659	148351	113753
5660	148382	113731
5661	148410	113706
5662	148440	113683
5663	148465	113655
5664	148491	113629
5665	148518	113603
5666	148546	113578
5667	148569	113550
5668	148595	113523
5669	148624	113499
5670	148649	113473
5671	148672	113443
5672	148697	113416
5673	148724	113391
5674	148752	113366
5675	148778	113340
5676	148807	113315
5677	148835	113291
5678	148858	113262
5679	148886	113237
5680	148913	113211
5681	148946	113190
5682	148971	113163
5683	148999	113138
5684	149029	113115
5685	149056	113090
5686	149080	113061
5687	149102	113032
5688	149136	113012
5689	149166	112988
5690	149188	112959
5691	149211	112931
5692	149237	112904
5693	149260	112876
5694	149283	112847
5695	149311	112822
5696	149341	112799
5697	149365	112770
5698	149393	112746
5699	149418	112719
5700	149446	112694
5701	149471	112667
5702	149496	112639
5703	149520	112612
5704	149550	112588
5705	149575	112561
5706	149607	112539
5707	149634	112513
5708	149663	112489
5709	149687	112462
5710	149713	112435
5711	149738	112408
5712	149766	112383
5713	149789	112355
5714	149813	112327
5715	149837	112299
5716	149864	112273
5717	149892	112248
5718	149916	112221
5719	149952	112202
5720	149981	112178
5721	150008	112152
5722	150031	112123
5723	150057	112097
5724	150079	112068
5725	150101	112038
5726	150124	112010
5727	150148	111982
5728	150174	111955
5729	150200	111929
5730	150223	111901
5731	150250	111875
5732	150276	111848
5733	150299	111820
5734	150323	111792
5735	150346	111764
5736	150374	111738
5737	150410	111719
5738	150437	111694
5739	150465	111669
5740	150492	111643
5741	150517	111616
5742	150541	111588
5743	150574	111568
5744	150603	111543
5745	150626	111515
5746	150649	111486
5747	150676	111460
5748	150701	111433
5749	150725	111405
5750	150750	111378
5751	150776	111352
5752	150804	111327
5753	150829	111300
5754	150853	111272
5755	150879	111246
5756	150903	111218
5757	150933	111194
5758	150966	111173
5759	150993	111148
5760	151018	111121
5761	151041	111092
5762	151066	111065
5763	151093	111039
5764	151122	111015
5765	151147	110988
5766	151180	110967
5767	151206	110940
5768	151230	110912
5769	151255	110885
5770	151280	110858
5771	151307	110832
5772	151337	110809
5773	151366	110785
5774	151396	110761
5775	151425	110737
5776	151453	110712
5777	151482	110688
5778	151509	110662
5779	151534	110635
5780	151559	110608
5781	151585	110582
5782	151613	110557
5783	151639	110531
5784	151664	110503
5785	151693	110479
5786	151720	110453
5787	151743	110425
5788	151766	110397
5789	151792	110370
5790	151820	110345
5791	151844	110318
5792	151876	110295
5793	151907	110273
5794	151933	110246
5795	151959	110220
5796	151985	110194
5797	152013	110169
5798	152039	110142
5799	152062	110113
5800	152086	110086
5801	152116	110063
5802	152140	110035
5803	152165	110008
5804	152192	109982
5805	152217	109955
5806	152241	109927
5807	152268	109902
5808	152295	109876
5809	152320	109848
5810	152343	109820
5811	152367	109793
5812	152397	109769
5813	152423	109742
5814	152452	109718
5815	152478	109692
5816	152504	109665
5817	152531	109640
5818	152556	109613
5819	152581	109586
5820	152609	109561
5821	152633	109533
5822	152655	109504
5823	152682	109478
5824	152707	109451
5825	152734	109425
5826	152758	109397
5827	152790	109375
5828	152818	109351
5829	152844	109324
5830	152871	109299
5831	152897	109272
5832	152926	109248
5833	152955	109224
5834	152989	109203
5835	153019	109179
5836	153042	109151
5837	153070	109126
5838	153097	109101
5839	153124	109075
5840	153150	109048
5841	153172	109019
5842	153192	108988
5843	153216	108960
5844	153239	108932
5845	153264	108905
5846	153292	108880
5847	153321	108856
5848	153347	108830
5849	153373	108803
5850	153399	108776
5851	153428	108752
5852	153458	108729
5853	153489	108706
5854	153515	108680
5855	153539	108652
5856	153562	108623
5857	153586	108595
5858	153613	108570
5859	153640	108544
5860	153665	108517
5861	153688	108489
5862	153710	108460
5863	153735	108432
5864	153761	108406
5865	153790	108382
5866	153816	108355
5867	153844	108330
5868	153871	108305
5869	153894	108276
5870	153927	108255
5871	153956	108231
5872	153985	108206
5873	154016	108183
5874	154041	108156
5875	154066	108129
5876	154089	108101
5877	154116	108075
5878	154143	108049
5879	154174	108027
5880	154198	107999
5881	154224	107973
5882	154251	107947
5883	154280	107922
5884	154303	107894
5885	154331	107869
5886	154362	107846
5887	154385	107818
5888	154413	107793
5889	154443	107769
5890	154472	107745
5891	154501	107721
5892	154527	107694
5893	154551	107667
5894	154578	107641
5895	154606	107616
5896	154633	107590
5897	154660	107564
5898	154686	107538
5899	154715	107514
5900	154741	107487
5901	154766	107461
5902	154789	107432
5903	154817	107406
5904	154841	107379
5905	154867	107352
5906	154894	107327
5907	154921	107301
5908	154948	107276
5909	154976	107251
5910	155000	107223
5911	155028	107198
5912	155059	107175
5913	155087	107150
5914	155111	107122
5915	155138	107096
5916	155166	107071
5917	155191	107045
5918	155216	107017
5919	155239	106989
5920	155264	106962
5921	155291	106936
5922	155315	106908
5923	155338	106880
5924	155364	106854
5925	155388	106826
5926	155411	106798
5927	155440	106773
5928	155471	106750
5929	155502	106727
5930	155527	106700
5931	155549	106671
5932	155575	106644
5933	155601	106619
5934	155624	106590
5935	155649	106563
5936	155676	106537
5937	155702	106510
5938	155726	106483
5939	155751	106456
5940	155779	106431
5941	155803	106403
5942	155827	106376
5943	155852	106348
5944	155878	106322
5945	155905	106296
5946	155930	106269
5947	155956	106243
5948	155980	106215
5949	156006	106189
5950	156031	106162
5951	156054	106133
5952	156081	106108
5953	156104	106079
5954	156125	106050
5955	156147	106020
5956	156171	105993
5957	156196	105966
5958	156219	105937
5959	156244	105910
5960	156269	105883
5961	156294	105856
5962	156318	105829
5963	156347	105804
5964	156371	105776
5965	156396	105750
5966	156422	105723
5967	156450	105698
5968	156478	105673
5969	156507	105648
5970	156530	105620
5971	156553	105592
5972	156576	105563
5973	156601	105536
5974	156627	105510
5975	156653	105484
5976	156682	105459
5977	156711	105435
5978	156750	105417
5979	156771	105388
5980	156798	105362
5981	156827	105337
5982	156855	105313
5983	156880	105286
5984	156906	105259
5985	156935	105235
5986	156962	105209
5987	156993	105186
5988	157020	105160
5989	157044	105133
5990	157067	105105
5991	157101	105084
5992	157126	105057
5993	157153	105031
5994	157188	105010
5995	157213	104983
5996	157236	104955
5997	157261	104928
5998	157295	104907
5999	157321	104881
6000	157349	104855
6001	157375	104829
6002	157400	104802
6003	157428	104777
6004	157455	104752
6005	157482	104725
6006	157509	104700
6007	157533	104672
6008	157557	104644
6009	157589	104622
6010	157615	104596
6011	157641	104569
6012	157664	104541
6013	157688	104513
6014	157715	104488
6015	157741	104461
6016	157765	104434
6017	157792	104408
6018	157818	104381
6019	157846	104357
6020	157870	104329
6021	157896	104303
6022	157923	104276
6023	157949	104250
6024	157973	104223
6025	157997	104195
6026	158026	104171
6027	158057	104147
6028	158080	104120
6029	158109	104095
6030	158137	104070
6031	158168	104047
6032	158198	104023
6033	158227	103998
6034	158254	103973
6035	158280	103946
6036	158304	103919
6037	158329	103892
6038	158354	103865
6039	158378	103837
6040	158404	103810
6041	158429	103784
6042	158459	103760
6043	158484	103733
6044	158510	103707
6045	158540	103683
6046	158564	103655
6047	158586	103626
6048	158609	103598
6049	158632	103569
6050	158656	103542
6051	158681	103515
6052	158705	103487
6053	158735	103464
6054	158763	103439
6055	158786	103410
6056	158809	103382
6057	158833	103354
6058	158861	103329
6059	158885	103301
6060	158909	103274
6061	158937	103249
6062	158962	103222
6063	158998	103201
6064	159022	103174
6065	159048	103148
6066	159073	103121
6067	159098	103094
6068	159130	103071
6069	159161	103048
6070	159185	103020
6071	159207	102991
6072	159230	102963
6073	159258	102938
6074	159282	102910
6075	159306	102883
6076	159331	102856
6077	159358	102830
6078	159389	102807
6079	159413	102779
6080	159439	102753
6081	159471	102730
6082	159500	102706
6083	159527	102680
6084	159553	102654
6085	159576	102626
6086	159599	102597
6087	159624	102570
6088	159650	102544
6089	159675	102517
6090	159704	102493
6091	159730	102466
6092	159757	102440
6093	159783	102414
6094	159807	102386
6095	159836	102362
6096	159863	102336
6097	159888	102309
6098	159912	102281
6099	159937	102255
6100	159967	102231
6101	159993	102204
6102	160020	102179
6103	160043	102150
6104	160070	102125
6105	160096	102098
6106	160122	102072
6107	160147	102045
6108	160174	102019
6109	160197	101991
6110	160225	101966
6111	160249	101938
6112	160275	101912
6113	160301	101886
6114	160332	101862
6115	160357	101836
6116	160384	101810
6117	160412	101785
6118	160439	101759
6119	160469	101735
6120	160496	101709
6121	160520	101682
6122	160543	101653
6123	160567	101626
6124	160591	101598
6125	160616	101571
6126	160640	101543
6127	160666	101517
6128	160693	101491
6129	160716	101463
6130	160741	101437
6131	160767	101410
6132	160793	101383
6133	160816	101355
6134	160837	101326
6135	160859	101297
6136	160886	101271
6137	160910	101243
6138	160934	101216
6139	160961	101190
6140	160987	101164
6141	161014	101138
6142	161043	101114
6143	161073	101090
6144	161106	101068
6145	161128	101039
6146	161153	101012
6147	161179	100986
6148	161207	100961
6149	161232	100933
6150	161262	100910
6151	161294	100887
6152	161321	100861
6153	161350	100837
6154	161376	100811
6155	161402	100784
6156	161427	100758
6157	161455	100732
6158	161486	100709
6159	161515	100685
6160	161539	100657
6161	161561	100628
6162	161586	100601
6163	161611	100574
6164	161635	100546
6165	161663	100522
6166	161690	100496
6167	161715	100469
6168	161743	100444
6169	161772	100419
6170	161800	100394
6171	161829	100369
6172	161858	100345
6173	161881	100317
6174	161904	100289
6175	161930	100262
6176	161956	100236
6177	161987	100212
6178	162016	100188
6179	162046	100164
6180	162080	100143
6181	162107	100117
6182	162131	100089
6183	162154	100061
6184	162178	100034
6185	162204	100007
6186	162229	99980
6187	162254	99953
6188	162281	99928
6189	162306	99900
6190	162331	99874
6191	162355	99846
6192	162383	99821
6193	162409	99794
6194	162437	99769
6195	162461	99742
6196	162491	99718
6197	162522	99694
6198	162551	99670
6199	162584	99648
6200	162611	99622
6201	162639	99597
6202	162660	99568
6203	162686	99541
6204	162712	99515
6205	162735	99487
6206	162759	99459
6207	162783	99432
6208	162808	99405
6209	162839	99381
6210	162864	99354
6211	162887	99326
6212	162914	99301
6213	162939	99274
6214	162972	99251
6215	163000	99226
6216	163026	99200
6217	163056	99176
6218	163087	99153
6219	163117	99129
6220	163145	99103
6221	163170	99076
6222	163197	99051
6223	163223	99025
6224	163252	99000
6225	163280	98975
6226	163306	98949
6227	163339	98927
6228	163366	98900
6229	163393	98875
6230	163423	98851
6231	163446	98823
6232	163469	98794
6233	163492	98766
6234	163517	98740
6235	163541	98712
6236	163567	98685
6237	163592	98659
6238	163618	98632
6239	163644	98606
6240	163669	98579
6241	163690	98550
6242	163713	98521
6243	163739	98495
6244	163763	98467
6245	163789	98441
6246	163816	98415
6247	163843	98390
6248	163872	98365
6249	163895	98337
6250	163927	98314
6251	163954	98289
6252	163981	98263
6253	164009	98237
6254	164034	98210
6255	164059	98183
6256	164084	98156
6257	164107	98128
6258	164132	98102
6259	164161	98077
6260	164188	98051
6261	164219	98028
6262	164245	98001
6263	164270	97974
6264	164297	97949
6265	164321	97921
6266	164348	97895
6267	164372	97868
6268	164397	97841
6269	164420	97813
6270	164448	97788
6271	164477	97763
6272	164502	97736
6273	164535	97714
6274	164561	97687
6275	164585	97660
6276	164611	97633
6277	164634	97605
6278	164658	97578
6279	164686	97553
6280	164712	97527
6281	164745	97504
6282	164771	97478
6283	164797	97451
6284	164819	97423
6285	164845	97396
6286	164874	97372
6287	164900	97345
6288	164922	97317
6289	164958	97296
6290	164985	97270
6291	165008	97242
6292	165036	97217
6293	165063	97191
6294	165088	97164
6295	165114	97138
6296	165138	97111
6297	165165	97085
6298	165189	97057
6299	165212	97029
6300	165239	97003
6301	165265	96977
6302	165290	96950
6303	165313	96922
6304	165338	96895
6305	165364	96868
6306	165388	96841
6307	165411	96813
6308	165439	96788
6309	165464	96761
6310	165491	96735
6311	165514	96707
6312	165542	96682
6313	165571	96657
6314	165597	96631
6315	165620	96603
6316	165642	96574
6317	165671	96550
6318	165696	96522
6319	165719	96494
6320	165744	96468
6321	165778	96446
6322	165805	96420
6323	165829	96393
6324	165853	96365
6325	165877	96338
6326	165907	96313
6327	165930	96285
6328	165956	96259
6329	165983	96233
6330	166009	96207
6331	166031	96178
6332	166058	96152
6333	166086	96127
6334	166111	96100
6335	166133	96072
6336	166156	96043
6337	166179	96016
6338	166202	95988
6339	166235	95965
6340	166259	95937
6341	166285	95911
6342	166314	95886
6343	166338	95859
6344	166364	95833
6345	166388	95805
6346	166413	95778
6347	166437	95751
6348	166463	95724
6349	166493	95700
6350	166519	95674
6351	166548	95650
6352	166577	95625
6353	166605	95600
6354	166629	95572
6355	166656	95546
6356	166679	95518
6357	166704	95492
6358	166731	95466
6359	166760	95441
6360	166783	95413
6361	166809	95387
6362	166834	95360
6363	166860	95333
6364	166887	95307
6365	166916	95283
6366	166940	95255
6367	166968	95230
6368	166992	95203
6369	167020	95177
6370	167046	95151
6371	167078	95128
6372	167106	95103
6373	167131	95076
6374	167155	95049
6375	167181	95022
6376	167209	94997
6377	167236	94971
6378	167260	94944
6379	167284	94916
6380	167313	94892
6381	167336	94864
6382	167361	94837
6383	167385	94810
6384	167414	94785
6385	167447	94762
6386	167471	94735
6387	167503	94712
6388	167529	94686
6389	167552	94658
6390	167580	94632
6391	167604	94605
6392	167632	94579
6393	167657	94552
6394	167678	94524
6395	167698	94494
6396	167722	94466
6397	167747	94439
6398	167774	94414
6399	167801	94388
6400	167825	94360
6401	167854	94336
6402	167879	94309
6403	167905	94282
6404	167928	94255
6405	167963	94233
6406	167988	94206
6407	168012	94179
6408	168046	94157
6409	168074	94132
6410	168099	94105
6411	168123	94077
6412	168151	94052
6413	168174	94024
6414	168198	93997
6415	168219	93968
6416	168244	93941
6417	168269	93914
6418	168290	93884
6419	168312	93856
6420	168340	93831
6421	168374	93809
6422	168399	93782
6423	168428	93757
6424	168456	93732
6425	168483	93706
6426	168511	93681
6427	168539	93656
6428	168569	93632
6429	168603	93610
6430	168638	93588
6431	168667	93564
6432	168690	93536
6433	168714	93508
6434	168736	93480
6435	168759	93452
6436	168785	93426
6437	168815	93401
6438	168838	93373
6439	168866	93348
6440	168892	93322
6441	168915	93294
6442	168938	93266
6443	168965	93240
6444	168991	93213
6445	169013	93185
6446	169044	93161
6447	169069	93134
6448	169102	93112
6449	169128	93086
6450	169157	93061
6451	169183	93034
6452	169208	93008
6453	169230	92979
6454	169265	92958
6455	169294	92933
6456	169320	92907
6457	169349	92882
6458	169379	92858
6459	169405	92832
6460	169428	92804
6461	169452	92776
6462	169479	92750
6463	169503	92723
6464	169530	92697
6465	169553	92669
6466	169581	92644
6467	169606	92617
6468	169631	92590
6469	169656	92563
6470	169688	92540
6471	169716	92515
6472	169741	92488
6473	169765	92460
6474	169789	92433
6475	169818	92408
6476	169842	92381
6477	169866	92353
6478	169894	92328
6479	169918	92301
6480	169943	92274
6481	169968	92247
6482	169993	92220
6483	170016	92192
6484	170042	92166
6485	170072	92142
6486	170101	92117
6487	170131	92093
6488	170165	92071
6489	170194	92046
6490	170217	92018
6491	170239	91990
6492	170263	91962
6493	170289	91936
6494	170319	91912
6495	170342	91884
6496	170368	91858
6497	170396	91832
6498	170420	91805
6499	170443	91777
6500	170470	91751
6501	170499	91726
6502	170523	91699
6503	170548	91672
6504	170570	91644
6505	170597	91618
6506	170624	91592
6507	170679	91581
6508	170722	91564
6509	170773	91551
6510	170818	91534
6511	170841	91507
6512	170864	91479
6513	170887	91451
6514	170915	91425
6515	170948	91403
6516	170973	91376
6517	170997	91348
6518	171025	91323
6519	171049	91296
6520	171077	91271
6521	171105	91245
6522	171139	91223
6523	171170	91199
6524	171197	91174
6525	171223	91147
6526	171249	91121
6527	171271	91093
6528	171294	91064
6529	171316	91036
6530	171347	91012
6531	171377	90988
6532	171404	90962
6533	171427	90934
6534	171451	90907
6535	171475	90879
6536	171503	90854
6537	171532	90829
6538	171560	90804
6539	171586	90778
6540	171611	90751
6541	171639	90726
6542	171665	90699
6543	171691	90673
6544	171716	90646
6545	171745	90621
6546	171770	90594
6547	171799	90569
6548	171825	90543
6549	171848	90515
6550	171873	90488
6551	171902	90463
6552	171929	90438
6553	171952	90410
6554	171980	90384
6555	172003	90356
6556	172030	90331
6557	172061	90307
6558	172084	90279
6559	172114	90255
6560	172143	90230
6561	172169	90204
6562	172197	90178
6563	172224	90152
6564	172252	90127
6565	172276	90100
6566	172309	90077
6567	172339	90052
6568	172364	90026
6569	172387	89998
6570	172415	89972
6571	172441	89946
6572	172464	89918
6573	172492	89893
6574	172519	89867
6575	172546	89841
6576	172577	89818
6577	172601	89790
6578	172624	89762
6579	172656	89739
6580	172682	89712
6581	172706	89685
6582	172734	89660
6583	172758	89632
6584	172781	89605
6585	172810	89580
6586	172838	89554
6587	172861	89527
6588	172884	89499
6589	172908	89471
6590	172932	89443
6591	172955	89416
6592	172982	89390
6593	173006	89363
6594	173028	89334
6595	173052	89307
6596	173077	89280
6597	173106	89255
6598	173131	89228
6599	173156	89201
6600	173194	89181
6601	173223	89156
6602	173252	89132
6603	173280	89106
6604	173305	89079
6605	173328	89051
6606	173354	89025
6607	173379	88998
6608	173400	88969
6609	173423	88941
6610	173449	88915
6611	173480	88891
6612	173503	88863
6613	173526	88835
6614	173550	88808
6615	173577	88782
6616	173599	88754
6617	173623	88727
6618	173646	88698
6619	173678	88675
6620	173713	88654
6621	173743	88629
6622	173777	88607
6623	173806	88582
6624	173831	88555
6625	173851	88526
6626	173875	88498
6627	173904	88474
6628	173937	88451
6629	173960	88423
6630	173984	88395
6631	174006	88367
6632	174030	88340
6633	174056	88313
6634	174079	88285
6635	174101	88257
6636	174126	88230
6637	174154	88205
6638	174182	88179
6639	174206	88152
6640	174238	88129
6641	174269	88105
6642	174295	88079
6643	174317	88051
6644	174344	88024
6645	174368	87997
6646	174391	87969
6647	174414	87942
6648	174439	87915
6649	174467	87889
6650	174490	87861
6651	174520	87837
6652	174548	87812
6653	174571	87784
6654	174593	87755
6655	174619	87729
6656	174644	87702
6657	174669	87675
6658	174695	87649
6659	174719	87622
6660	174750	87598
6661	174782	87574
6662	174807	87548
6663	174830	87519
6664	174858	87494
6665	174884	87468
6666	174910	87442
6667	174933	87414
6668	174959	87388
6669	174985	87361
6670	175010	87334
6671	175037	87308
6672	175061	87281
6673	175092	87257
6674	175114	87229
6675	175137	87201
6676	175163	87175
6677	175195	87151
6678	175221	87125
6679	175249	87099
6680	175276	87074
6681	175302	87047
6682	175324	87019
6683	175348	86992
6684	175371	86964
6685	175395	86936
6686	175423	86911
6687	175456	86888
6688	175481	86861
6689	175511	86837
6690	175534	86809
6691	175568	86787
6692	175591	86759
6693	175613	86731
6694	175636	86703
6695	175659	86675
6696	175685	86649
6697	175711	86622
6698	175741	86598
6699	175773	86575
6700	175799	86548
6701	175827	86523
6702	175855	86498
6703	175882	86472
6704	175907	86444
6705	175928	86416
6706	175951	86388
6707	175977	86362
6708	176000	86334
6709	176023	86306
6710	176052	86281
6711	176081	86256
6712	176109	86231
6713	176136	86205
6714	176165	86180
6715	176196	86156
6716	176221	86129
6717	176246	86103
6718	176271	86076
6719	176298	86050
6720	176322	86022
6721	176349	85997
6722	176378	85972
6723	176406	85946
6724	176433	85921
6725	176460	85895
6726	176487	85869
6727	176511	85841
6728	176534	85814
6729	176557	85786
6730	176584	85760
6731	176609	85733
6732	176638	85708
6733	176665	85683
6734	176692	85657
6735	176724	85633
6736	176755	85609
6737	176784	85584
6738	176808	85557
6739	176831	85529
6740	176856	85502
6741	176885	85477
6742	176909	85450
6743	176931	85422
6744	176952	85393
6745	176980	85368
6746	177012	85344
6747	177048	85323
6748	177093	85305
6749	177124	85282
6750	177147	85254
6751	177170	85226
6752	177196	85200
6753	177226	85175
6754	177252	85149
6755	177278	85123
6756	177303	85096
6757	177331	85070
6758	177354	85043
6759	177376	85014
6760	177403	84988
6761	177426	84961
6762	177453	84935
6763	177480	84909
6764	177504	84882
6765	177532	84856
6766	177559	84830
6767	177586	84805
6768	177610	84777
6769	177637	84751
6770	177666	84726
6771	177693	84700
6772	177718	84674
6773	177751	84651
6774	177786	84629
6775	177810	84601
6776	177835	84574
6777	177861	84548
6778	177882	84519
6779	177905	84491
6780	177930	84465
6781	177959	84440
6782	177987	84415
6783	178009	84386
6784	178034	84359
6785	178062	84334
6786	178085	84306
6787	178117	84283
6788	178144	84257
6789	178173	84232
6790	178197	84205
6791	178223	84178
6792	178250	84152
6793	178278	84127
6794	178306	84101
6795	178330	84074
6796	178356	84048
6797	178378	84019
6798	178405	83993
6799	178429	83966
6800	178454	83940
6801	178485	83915
6802	178512	83890
6803	178539	83864
6804	178568	83839
6805	178593	83812
6806	178621	83786
6807	178649	83761
6808	178672	83733
6809	178695	83706
6810	178727	83682
6811	178754	83656
6812	178780	83630
6813	178804	83602
6814	178834	83578
6815	178864	83554
6816	178897	83530
6817	178924	83504
6818	178953	83480
6819	178981	83454
6820	179007	83428
6821	179032	83401
6822	179058	83374
6823	179080	83347
6824	179102	83318
6825	179127	83291
6826	179154	83265
6827	179179	83239
6828	179201	83211
6829	179223	83183
6830	179252	83157
6831	179279	83131
6832	179306	83106
6833	179330	83078
6834	179358	83053
6835	179382	83026
6836	179404	82998
6837	179427	82969
6838	179451	82943
6839	179477	82916
6840	179499	82888
6841	179521	82860
6842	179547	82833
6843	179572	82807
6844	179596	82779
6845	179625	82754
6846	179653	82729
6847	179677	82702
6848	179702	82675
6849	179725	82647
6850	179757	82623
6851	179782	82596
6852	179806	82569
6853	179830	82542
6854	179853	82514
6855	179880	82488
6856	179907	82463
6857	179931	82435
6858	179957	82409
6859	179988	82385
6860	180016	82359
6861	180045	82335
6862	180071	82308
6863	180098	82282
6864	180124	82256
6865	180148	82229
6866	180172	82201
6867	180206	82179
6868	180232	82152
6869	180260	82127
6870	180288	82101
6871	180315	82076
6872	180340	82049
6873	180364	82021
6874	180391	81995
6875	180414	81968
6876	180441	81942
6877	180468	81916
6878	180494	81890
6879	180518	81862
6880	180541	81835
6881	180562	81806
6882	180587	81779
6883	180613	81753
6884	180640	81727
6885	180664	81700
6886	180689	81673
6887	180717	81648
6888	180741	81620
6889	180773	81597
6890	180804	81573
6891	180837	81550
6892	180864	81524
6893	180891	81498
6894	180917	81471
6895	180940	81444
6896	180970	81419
6897	180997	81393
6898	181022	81367
6899	181049	81340
6900	181075	81314
6901	181100	81287
6902	181127	81261
6903	181150	81234
6904	181177	81208
6905	181204	81182
6906	181227	81155
6907	181250	81127
6908	181273	81099
6909	181302	81074
6910	181328	81047
6911	181355	81022
6912	181383	80996
6913	181407	80969
6914	181427	80940
6915	181449	80912
6916	181475	80885
6917	181501	80859
6918	181526	80833
6919	181552	80806
6920	181581	80781
6921	181608	80755
6922	181631	80728
6923	181654	80700
6924	181677	80672
6925	181701	80645
6926	181726	80618
6927	181758	80595
6928	181787	80569
6929	181817	80545
6930	181843	80518
6931	181867	80491
6932	181893	80465
6933	181920	80439
6934	181947	80413
6935	181969	80385
6936	181994	80358
6937	182020	80332
6938	182044	80305
6939	182068	80278
6940	182101	80254
6941	182129	80229
6942	182155	80203
6943	182179	80175
6944	182205	80149
6945	182230	80122
6946	182256	80096
6947	182286	80071
6948	182314	80046
6949	182343	80021
6950	182371	79995
6951	182397	79969
6952	182424	79943
6953	182447	79915
6954	182474	79889
6955	182500	79863
6956	182529	79838
6957	182556	79812
6958	182580	79785
6959	182605	79758
6960	182631	79732
6961	182655	79705
6962	182680	79678
6963	182703	79650
6964	182729	79624
6965	182751	79596
6966	182774	79568
6967	182801	79542
6968	182829	79517
6969	182854	79490
6970	182884	79465
6971	182908	79438
6972	182934	79412
6973	182957	79384
6974	182985	79359
6975	183009	79332
6976	183036	79306
6977	183061	79279
6978	183086	79252
6979	183110	79225
6980	183136	79199
6981	183166	79174
6982	183193	79148
6983	183219	79122
6984	183242	79094
6985	183265	79067
6986	183292	79041
6987	183335	79022
6988	183364	78997
6989	183389	78970
6990	183412	78942
6991	183441	78917
6992	183466	78891
6993	183491	78863
6994	183513	78836
6995	183540	78810
6996	183564	78782
6997	183595	78758
6998	183618	78731
6999	183644	78704
7000	183668	78677
7001	183697	78652
7002	183730	78629
7003	183757	78603
7004	183784	78577
7005	183813	78552
7006	183845	78528
7007	183867	78500
7008	183891	78473
7009	183913	78445
7010	183938	78418
7011	183965	78392
7012	183988	78365
7013	184021	78341
7014	184050	78316
7015	184077	78290
7016	184106	78265
7017	184136	78240
7018	184165	78216
7019	184186	78187
7020	184212	78161
7021	184235	78133
7022	184264	78108
7023	184293	78083
7024	184328	78060
7025	184357	78035
7026	184383	78009
7027	184406	77981
7028	184431	77955
7029	184456	77928
7030	184481	77901
7031	184511	77876
7032	184537	77850
7033	184562	77823
7034	184587	77796
7035	184608	77768
7036	184632	77741
7037	184654	77713
7038	184681	77687
7039	184708	77661
7040	184731	77633
7041	184764	77610
7042	184793	77585
7043	184826	77561
7044	184859	77538
7045	184888	77513
7046	184912	77486
7047	184937	77459
7048	184966	77434
7049	184992	77408
7050	185020	77382
7051	185043	77354
7052	185070	77329
7053	185101	77304
7054	185127	77278
7055	185150	77251
7056	185179	77225
7057	185203	77198
7058	185227	77171
7059	185257	77146
7060	185284	77121
7061	185312	77095
7062	185340	77069
7063	185367	77043
7064	185396	77018
7065	185423	76992
7066	185451	76967
7067	185483	76943
7068	185506	76916
7069	185531	76889
7070	185558	76863
7071	185582	76836
7072	185610	76810
7073	185633	76782
7074	185656	76755
7075	185679	76727
7076	185705	76701
7077	185731	76675
7078	185760	76650
7079	185789	76625
7080	185815	76598
7081	185843	76573
7082	185874	76548
7083	185906	76524
7084	185935	76499
7085	185959	76472
7086	185981	76444
7087	186007	76418
7088	186034	76392
7089	186061	76366
7090	186086	76339
7091	186112	76313
7092	186135	76286
7093	186159	76258
7094	186181	76230
7095	186209	76205
7096	186237	76179
7097	186259	76151
7098	186284	76124
7099	186313	76099
7100	186339	76073
7101	186372	76050
7102	186403	76025
7103	186435	76001
7104	186459	75974
7105	186491	75950
7106	186517	75924
7107	186545	75898
7108	186573	75873
7109	186596	75845
7110	186623	75819
7111	186647	75792
7112	186675	75767
7113	186704	75742
7114	186729	75715
7115	186753	75688
7116	186777	75660
7117	186800	75633
7118	186831	75609
7119	186860	75583
7120	186894	75560
7121	186921	75534
7122	186945	75507
7123	186970	75481
7124	187001	75456
7125	187028	75430
7126	187055	75405
7127	187078	75377
7128	187103	75350
7129	187130	75324
7130	187157	75298
7131	187180	75271
7132	187208	75245
7133	187232	75218
7134	187263	75194
7135	187290	75168
7136	187313	75140
7137	187340	75114
7138	187371	75090
7139	187399	75064
7140	187425	75038
7141	187448	75010
7142	187471	74983
7143	187495	74956
7144	187521	74929
7145	187545	74902
7146	187572	74876
7147	187594	74849
7148	187629	74826
7149	187656	74800
7150	187688	74776
7151	187712	74749
7152	187738	74722
7153	187763	74695
7154	187787	74668
7155	187809	74641
7156	187835	74614
7157	187864	74589
7158	187891	74563
7159	187925	74540
7160	187954	74515
7161	187981	74489
7162	188004	74461
7163	188029	74435
7164	188056	74408
7165	188084	74383
7166	188110	74357
7167	188136	74330
7168	188162	74304
7169	188187	74277
7170	188208	74249
7171	188235	74223
7172	188267	74199
7173	188296	74174
7174	188320	74146
7175	188344	74120
7176	188373	74094
7177	188406	74071
7178	188437	74046
7179	188467	74022
7180	188491	73995
7181	188515	73967
7182	188537	73939
7183	188563	73913
7184	188585	73885
7185	188610	73858
7186	188633	73831
7187	188660	73805
7188	188684	73778
7189	188712	73752
7190	188737	73725
7191	188766	73700
7192	188790	73673
7193	188818	73648
7194	188844	73621
7195	188870	73595
7196	188900	73570
7197	188932	73546
7198	188964	73522
7199	188989	73495
7200	189013	73468
7201	189044	73444
7202	189069	73417
7203	189094	73391
7204	189120	73364
7205	189147	73338
7206	189174	73312
7207	189200	73286
7208	189223	73258
7209	189253	73234
7210	189280	73208
7211	189305	73181
7212	189329	73154
7213	189352	73126
7214	189378	73100
7215	189402	73073
7216	189430	73047
7217	189463	73024
7218	189490	72998
7219	189516	72971
7220	189542	72945
7221	189569	72919
7222	189593	72892
7223	189615	72864
7224	189639	72837
7225	189664	72810
7226	189695	72786
7227	189720	72759
7228	189747	72733
7229	189774	72707
7230	189797	72680
7231	189820	72652
7232	189844	72625
7233	189872	72600
7234	189902	72575
7235	189931	72549
7236	189960	72524
7237	189985	72497
7238	190008	72470
7239	190032	72443
7240	190061	72418
7241	190089	72392
7242	190115	72366
7243	190148	72342
7244	190176	72316
7245	190205	72291
7246	190233	72266
7247	190255	72238
7248	190282	72212
7249	190311	72187
7250	190337	72160
7251	190364	72134
7252	190401	72112
7253	190436	72089
7254	190464	72064
7255	190490	72037
7256	190512	72009
7257	190538	71983
7258	190565	71957
7259	190596	71933
7260	190620	71906
7261	190643	71878
7262	190668	71851
7263	190693	71824
7264	190718	71798
7265	190745	71772
7266	190771	71746
7267	190797	71719
7268	190822	71693
7269	190847	71666
7270	190868	71638
7271	190906	71616
7272	190934	71590
7273	190961	71564
7274	190987	71538
7275	191011	71511
7276	191034	71483
7277	191056	71455
7278	191080	71428
7279	191105	71402
7280	191132	71375
7281	191154	71348
7282	191181	71322
7283	191214	71298
7284	191239	71271
7285	191262	71244
7286	191292	71219
7287	191319	71193
7288	191353	71170
7289	191378	71143
7290	191409	71118
7291	191434	71092
7292	191460	71065
7293	191487	71039
7294	191519	71015
7295	191543	70988
7296	191568	70961
7297	191596	70936
7298	191621	70909
7299	191651	70884
7300	191676	70857
7301	191702	70831
7302	191727	70804
7303	191754	70779
7304	191779	70752
7305	191806	70726
7306	191832	70699
7307	191862	70675
7308	191899	70652
7309	191927	70627
7310	191954	70601
7311	191980	70574
7312	192008	70549
7313	192035	70523
7314	192058	70495
7315	192091	70472
7316	192120	70446
7317	192144	70419
7318	192169	70393
7319	192193	70365
7320	192219	70339
7321	192248	70314
7322	192272	70287
7323	192302	70262
7324	192329	70236
7325	192363	70212
7326	192388	70186
7327	192422	70162
7328	192449	70136
7329	192475	70110
7330	192509	70086
7331	192539	70062
7332	192564	70035
7333	192589	70008
7334	192618	69983
7335	192646	69957
7336	192679	69934
7337	192706	69907
7338	192737	69883
7339	192762	69856
7340	192797	69833
7341	192822	69806
7342	192848	69780
7343	192873	69753
7344	192898	69727
7345	192924	69700
7346	192956	69676
7347	192983	69650
7348	193012	69625
7349	193038	69598
7350	193064	69572
7351	193087	69545
7352	193115	69519
7353	193141	69492
7354	193164	69465
7355	193195	69441
7356	193222	69415
7357	193248	69388
7358	193284	69365
7359	193310	69339
7360	193336	69313
7361	193362	69286
7362	193385	69259
7363	193407	69231
7364	193436	69206
7365	193464	69180
7366	193493	69155
7367	193525	69131
7368	193551	69105
7369	193575	69077
7370	193597	69049
7371	193619	69022
7372	193646	68996
7373	193671	68969
7374	193694	68942
7375	193718	68915
7376	193747	68889
7377	193772	68863
7378	193796	68836
7379	193819	68808
7380	193847	68782
7381	193873	68756
7382	193900	68730
7383	193924	68703
7384	193948	68676
7385	193979	68651
7386	194004	68624
7387	194037	68601
7388	194068	68576
7389	194096	68551
7390	194123	68524
7391	194147	68497
7392	194171	68470
7393	194195	68443
7394	194219	68416
7395	194245	68390
7396	194271	68363
7397	194299	68338
7398	194321	68310
7399	194348	68284
7400	194375	68258
7401	194401	68232
7402	194424	68205
7403	194449	68178
7404	194480	68153
7405	194513	68129
7406	194541	68104
7407	194569	68078
7408	194595	68052
7409	194619	68024
7410	194642	67997
7411	194669	67971
7412	194694	67944
7413	194721	67918
7414	194748	67892
7415	194772	67865
7416	194799	67839
7417	194824	67813
7418	194848	67785
7419	194874	67759
7420	194901	67733
7421	194931	67708
7422	194955	67681
7423	194986	67656
7424	195016	67632
7425	195043	67605
7426	195071	67580
7427	195095	67553
7428	195120	67526
7429	195150	67501
7430	195176	67475
7431	195202	67448
7432	195226	67421
7433	195250	67394
7434	195276	67368
7435	195303	67342
7436	195327	67315
7437	195350	67287
7438	195372	67260
7439	195399	67234
7440	195426	67208
7441	195449	67180
7442	195480	67156
7443	195506	67130
7444	195533	67103
7445	195563	67078
7446	195590	67052
7447	195615	67026
7448	195640	66999
7449	195663	66972
7450	195691	66946
7451	195717	66919
7452	195743	66893
7453	195766	66866
7454	195792	66840
7455	195817	66813
7456	195841	66786
7457	195872	66761
7458	195899	66735
7459	195924	66708
7460	195949	66682
7461	195980	66657
7462	196010	66632
7463	196034	66605
7464	196063	66580
7465	196091	66554
7466	196117	66527
7467	196139	66500
7468	196162	66473
7469	196185	66445
7470	196211	66419
7471	196244	66395
7472	196270	66368
7473	196300	66344
7474	196329	66318
7475	196354	66291
7476	196377	66264
7477	196406	66239
7478	196432	66212
7479	196455	66185
7480	196481	66159
7481	196513	66134
7482	196540	66108
7483	196569	66083
7484	196594	66056
7485	196621	66030
7486	196649	66005
7487	196680	65980
7488	196710	65955
7489	196733	65928
7490	196761	65902
7491	196784	65874
7492	196810	65848
7493	196836	65822
7494	196862	65795
7495	196886	65769
7496	196915	65743
7497	196944	65718
7498	196973	65692
7499	197000	65666
7500	197032	65642
7501	197063	65617
7502	197087	65590
7503	197111	65563
7504	197137	65537
7505	197161	65510
7506	197190	65485
7507	197215	65458
7508	197242	65432
7509	197266	65405
7510	197293	65379
7511	197324	65354
7512	197347	65327
7513	197374	65301
7514	197403	65275
7515	197430	65249
7516	197455	65223
7517	197479	65196
7518	197508	65170
7519	197534	65144
7520	197565	65119
7521	197594	65094
7522	197619	65067
7523	197651	65043
7524	197676	65016
7525	197702	64990
7526	197731	64964
7527	197761	64939
7528	197784	64912
7529	197812	64886
7530	197839	64860
7531	197866	64834
7532	197888	64807
7533	197912	64779
7534	197939	64753
7535	197963	64726
7536	197988	64700
7537	198015	64674
7538	198048	64650
7539	198074	64623
7540	198101	64597
7541	198128	64571
7542	198173	64551
7543	198220	64532
7544	198249	64506
7545	198271	64479
7546	198295	64452
7547	198316	64424
7548	198345	64398
7549	198374	64373
7550	198399	64346
7551	198426	64320
7552	198452	64294
7553	198476	64267
7554	198501	64240
7555	198526	64213
7556	198556	64188
7557	198586	64163
7558	198615	64138
7559	198641	64111
7560	198668	64085
7561	198694	64059
7562	198717	64032
7563	198743	64005
7564	198767	63978
7565	198797	63953
7566	198823	63927
7567	198849	63900
7568	198875	63874
7569	198898	63847
7570	198925	63821
7571	198954	63795
7572	198981	63769
7573	199011	63744
7574	199040	63719
7575	199071	63694
7576	199099	63668
7577	199127	63643
7578	199154	63616
7579	199179	63590
7580	199202	63563
7581	199227	63536
7582	199251	63509
7583	199273	63481
7584	199299	63455
7585	199322	63427
7586	199348	63401
7587	199373	63374
7588	199397	63347
7589	199430	63323
7590	199459	63298
7591	199490	63273
7592	199512	63245
7593	199538	63219
7594	199565	63193
7595	199592	63167
7596	199617	63140
7597	199640	63113
7598	199665	63086
7599	199692	63060
7600	199716	63033
7601	199741	63007
7602	199769	62981
7603	199795	62955
7604	199826	62930
7605	199855	62904
7606	199881	62878
7607	199905	62851
7608	199928	62824
7609	199953	62797
7610	199979	62771
7611	200006	62744
7612	200035	62719
7613	200070	62696
7614	200103	62671
7615	200129	62645
7616	200155	62619
7617	200180	62592
7618	200213	62568
7619	200237	62541
7620	200264	62515
7621	200290	62488
7622	200314	62462
7623	200341	62435
7624	200371	62410
7625	200395	62383
7626	200420	62357
7627	200448	62331
7628	200475	62305
7629	200498	62277
7630	200525	62252
7631	200554	62226
7632	200582	62200
7633	200607	62174
7634	200635	62148
7635	200661	62122
7636	200688	62096
7637	200713	62069
7638	200736	62042
7639	200763	62016
7640	200791	61990
7641	200814	61962
7642	200841	61936
7643	200865	61909
7644	200892	61883
7645	200916	61856
7646	200944	61831
7647	200967	61803
7648	200993	61777
7649	201021	61751
7650	201045	61724
7651	201071	61698
7652	201102	61673
7653	201131	61648
7654	201158	61622
7655	201185	61596
7656	201207	61568
7657	201231	61541
7658	201262	61516
7659	201290	61490
7660	201319	61465
7661	201346	61439
7662	201371	61412
7663	201397	61386
7664	201419	61358
7665	201443	61331
7666	201466	61304
7667	201492	61278
7668	201517	61251
7669	201540	61224
7670	201562	61196
7671	201590	61170
7672	201615	61144
7673	201643	61118
7674	201670	61092
7675	201696	61065
7676	201720	61039
7677	201751	61014
7678	201775	60987
7679	201801	60960
7680	201827	60934
7681	201853	60908
7682	201880	60882
7683	201907	60856
7684	201931	60828
7685	201954	60801
7686	201981	60775
7687	202008	60749
7688	202032	60722
7689	202057	60696
7690	202089	60671
7691	202119	60646
7692	202145	60619
7693	202168	60592
7694	202193	60565
7695	202220	60540
7696	202242	60512
7697	202265	60485
7698	202292	60459
7699	202320	60433
7700	202341	60405
7701	202369	60379
7702	202391	60352
7703	202416	60325
7704	202439	60298
7705	202462	60271
7706	202488	60244
7707	202517	60219
7708	202539	60191
7709	202560	60163
7710	202587	60137
7711	202614	60111
7712	202642	60085
7713	202668	60059
7714	202694	60033
7715	202720	60006
7716	202743	59979
7717	202768	59953
7718	202792	59926
7719	202817	59899
7720	202849	59874
7721	202872	59847
7722	202896	59820
7723	202924	59795
7724	202949	59768
7725	202978	59742
7726	203004	59716
7727	203030	59690
7728	203059	59664
7729	203095	59641
7730	203133	59618
7731	203168	59594
7732	203193	59568
7733	203219	59541
7734	203246	59515
7735	203274	59489
7736	203303	59464
7737	203330	59438
7738	203357	59412
7739	203383	59385
7740	203413	59360
7741	203441	59334
7742	203478	59311
7743	203504	59285
7744	203530	59259
7745	203556	59232
7746	203580	59205
7747	203606	59179
7748	203637	59154
7749	203670	59130
7750	203698	59104
7751	203722	59077
7752	203752	59052
7753	203776	59025
7754	203805	58999
7755	203831	58973
7756	203865	58949
7757	203893	58923
7758	203916	58896
7759	203941	58869
7760	203965	58842
7761	203989	58815
7762	204016	58789
7763	204042	58763
7764	204071	58737
7765	204094	58710
7766	204118	58683
7767	204147	58658
7768	204175	58632
7769	204206	58607
7770	204238	58582
7771	204264	58556
7772	204289	58529
7773	204314	58503
7774	204343	58477
7775	204372	58452
7776	204400	58426
7777	204425	58399
7778	204450	58373
7779	204476	58346
7780	204501	58320
7781	204531	58294
7782	204556	58268
7783	204580	58241
7784	204604	58214
7785	204629	58187
7786	204657	58161
7787	204683	58135
7788	204718	58111
7789	204746	58085
7790	204771	58059
7791	204803	58034
7792	204830	58008
7793	204860	57983
7794	204883	57956
7795	204907	57929
7796	204930	57901
7797	204960	57876
7798	204990	57851
7799	205019	57826
7800	205052	57801
7801	205083	57776
7802	205109	57750
7803	205142	57725
7804	205168	57699
7805	205194	57673
7806	205219	57646
7807	205250	57621
7808	205279	57596
7809	205304	57569
7810	205329	57542
7811	205353	57515
7812	205377	57488
7813	205400	57461
7814	205425	57434
7815	205449	57408
7816	205476	57382
7817	205506	57356
7818	205529	57329
7819	205560	57304
7820	205588	57278
7821	205616	57253
7822	205642	57226
7823	205672	57201
7824	205702	57176
7825	205729	57149
7826	205755	57123
7827	205780	57096
7828	205807	57070
7829	205831	57043
7830	205854	57016
7831	205880	56990
7832	205905	56963
7833	205926	56935
7834	205949	56908
7835	205972	56881
7836	205993	56853
7837	206027	56829
7838	206053	56803
7839	206080	56777
7840	206104	56750
7841	206129	56723
7842	206157	56698
7843	206183	56671
7844	206219	56647
7845	206253	56623
7846	206279	56597
7847	206306	56571
7848	206329	56544
7849	206352	56517
7850	206378	56490
7851	206401	56463
7852	206437	56439
7853	206464	56413
7854	206491	56387
7855	206514	56360
7856	206546	56335
7857	206570	56308
7858	206601	56283
7859	206623	56256
7860	206648	56229
7861	206675	56203
7862	206702	56177
7863	206737	56153
7864	206766	56127
7865	206793	56101
7866	206819	56075
7867	206843	56048
7868	206871	56022
7869	206898	55996
7870	206923	55969
7871	206948	55943
7872	206974	55917
7873	207002	55891
7874	207027	55864
7875	207059	55839
7876	207083	55813
7877	207110	55786
7878	207136	55760
7879	207159	55733
7880	207183	55706
7881	207208	55679
7882	207236	55653
7883	207276	55631
7884	207305	55605
7885	207333	55579
7886	207357	55552
7887	207385	55527
7888	207408	55500
7889	207432	55473
7890	207457	55446
7891	207484	55420
7892	207511	55394
7893	207537	55367
7894	207561	55340
7895	207585	55314
7896	207610	55287
7897	207636	55261
7898	207662	55234
7899	207686	55207
7900	207713	55181
7901	207739	55155
7902	207772	55130
7903	207801	55105
7904	207830	55079
7905	207854	55052
7906	207875	55024
7907	207898	54997
7908	207923	54971
7909	207946	54944
7910	207970	54917
7911	207993	54890
7912	208019	54863
7913	208044	54837
7914	208068	54810
7915	208100	54785
7916	208126	54758
7917	208151	54732
7918	208174	54705
7919	208200	54678
7920	208233	54654
7921	208260	54628
7922	208287	54602
7923	208313	54575
7924	208336	54548
7925	208358	54521
7926	208382	54494
7927	208417	54470
7928	208443	54444
7929	208485	54421
7930	208512	54395
7931	208539	54369
7932	208563	54342
7933	208586	54315
7934	208609	54288
7935	208635	54262
7936	208660	54235
7937	208684	54208
7938	208712	54182
7939	208737	54156
7940	208768	54130
7941	208795	54104
7942	208824	54079
7943	208866	54057
7944	208893	54031
7945	208919	54004
7946	208944	53978
7947	208970	53951
7948	208992	53924
7949	209017	53897
7950	209046	53871
7951	209072	53845
7952	209098	53819
7953	209121	53792
7954	209146	53765
7955	209170	53738
7956	209194	53711
7957	209222	53686
7958	209253	53660
7959	209282	53635
7960	209307	53608
7961	209332	53582
7962	209358	53555
7963	209385	53529
7964	209424	53506
7965	209453	53480
7966	209479	53454
7967	209503	53427
7968	209527	53400
7969	209557	53375
7970	209583	53349
7971	209607	53322
7972	209638	53297
7973	209667	53271
7974	209692	53244
7975	209716	53217
7976	209744	53192
7977	209773	53166
7978	209803	53141
7979	209831	53115
7980	209856	53088
7981	209882	53062
7982	209906	53035
7983	209933	53009
7984	209961	52983
7985	209986	52956
7986	210013	52930
7987	210037	52903
7988	210067	52878
7989	210093	52852
7990	210118	52825
7991	210143	52798
7992	210179	52774
7993	210209	52749
7994	210233	52722
7995	210256	52695
7996	210283	52669
7997	210317	52645
7998	210354	52621
7999	210384	52596
8000	210412	52570
8001	210437	52543
8002	210464	52517
8003	210494	52492
8004	210518	52465
8005	210542	52438
8006	210570	52412
8007	210594	52385
8008	210621	52359
8009	210649	52333
8010	210676	52307
8011	210700	52280
8012	210731	52255
8013	210758	52229
8014	210792	52205
8015	210822	52179
8016	210849	52153
8017	210871	52126
8018	210895	52099
8019	210918	52072
8020	210945	52045
8021	210969	52019
8022	210996	51993
8023	211021	51966
8024	211049	51940
8025	211080	51915
8026	211105	51888
8027	211133	51862
8028	211156	51835
8029	211182	51809
8030	211215	51784
8031	211240	51758
8032	211260	51730
8033	211289	51704
8034	211315	51678
8035	211346	51653
8036	211379	51628
8037	211408	51602
8038	211434	51576
8039	211463	51550
8040	211496	51526
8041	211519	51499
8042	211547	51473
8043	211574	51447
8044	211596	51419
8045	211620	51392
8046	211652	51367
8047	211682	51342
8048	211705	51315
8049	211731	51289
8050	211763	51264
8051	211788	51237
8052	211819	51212
8053	211844	51185
8054	211867	51158
8055	211893	51132
8056	211924	51107
8057	211954	51081
8058	211976	51054
8059	211999	51027
8060	212023	51000
8061	212048	50973
8062	212073	50947
8063	212099	50920
8064	212122	50893
8065	212148	50867
8066	212180	50842
8067	212203	50815
8068	212231	50789
8069	212256	50762
8070	212290	50738
8071	212317	50712
8072	212345	50686
8073	212373	50660
8074	212396	50633
8075	212419	50606
8076	212444	50579
8077	212468	50552
8078	212492	50525
8079	212523	50500
8080	212548	50474
8081	212578	50448
8082	212602	50421
8083	212629	50395
8084	212659	50370
8085	212686	50344
8086	212713	50317
8087	212741	50291
8088	212768	50265
8089	212796	50239
8090	212822	50213
8091	212850	50187
8092	212877	50161
8093	212898	50133
8094	212929	50108
8095	212955	50082
8096	212981	50056
8097	213007	50029
8098	213031	50002
8099	213057	49976
8100	213082	49949
8101	213109	49923
8102	213138	49897
8103	213165	49871
8104	213190	49845
8105	213214	49818
8106	213236	49791
8107	213262	49764
8108	213287	49738
8109	213316	49712
8110	213346	49687
8111	213374	49661
8112	213399	49634
8113	213426	49608
8114	213455	49582
8115	213486	49557
8116	213509	49530
8117	213534	49503
8118	213564	49478
8119	213590	49451
8120	213616	49425
8121	213640	49398
8122	213669	49373
8123	213701	49348
8124	213724	49321
8125	213749	49294
8126	213779	49268
8127	213809	49243
8128	213834	49217
8129	213861	49190
8130	213887	49164
8131	213910	49137
8132	213934	49110
8133	213958	49083
8134	213988	49058
8135	214014	49031
8136	214042	49005
8137	214066	48979
8138	214090	48952
8139	214114	48925
8140	214137	48898
8141	214161	48871
8142	214188	48845
8143	214214	48819
8144	214239	48792
8145	214263	48765
8146	214292	48739
8147	214320	48714
8148	214352	48689
8149	214382	48663
8150	214410	48637
8151	214431	48610
8152	214466	48585
8153	214489	48558
8154	214515	48532
8155	214544	48506
8156	214568	48479
8157	214597	48454
8158	214623	48427
8159	214648	48401
8160	214671	48374
8161	214693	48346
8162	214720	48320
8163	214747	48294
8164	214775	48268
8165	214800	48241
8166	214827	48215
8167	214859	48190
8168	214890	48165
8169	214917	48139
8170	214941	48112
8171	214962	48085
8172	214989	48058
8173	215016	48032
8174	215038	48005
8175	215063	47978
8176	215086	47951
8177	215113	47925
8178	215141	47899
8179	215166	47873
8180	215192	47846
8181	215220	47820
8182	215246	47794
8183	215275	47768
8184	215300	47742
8185	215330	47716
8186	215357	47690
8187	215384	47664
8188	215415	47639
8189	215445	47613
8190	215469	47586
8191	215496	47560
8192	215542	47538
8193	215567	47512
8194	215595	47486
8195	215620	47459
8196	215645	47432
8197	215668	47406
8198	215696	47380
8199	215721	47353
8200	215748	47327
8201	215773	47300
8202	215798	47274
8203	215826	47248
8204	215851	47221
8205	215881	47196
8206	215912	47170
8207	215942	47145
8208	215964	47118
8209	215990	47091
8210	216016	47065
8211	216041	47038
8212	216069	47012
8213	216093	46986
8214	216117	46959
8215	216145	46933
8216	216174	46907
8217	216197	46880
8218	216222	46853
8219	216247	46827
8220	216274	46801
8221	216302	46775
8222	216327	46748
8223	216360	46723
8224	216388	46697
8225	216414	46671
8226	216443	46645
8227	216466	46618
8228	216498	46593
8229	216525	46567
8230	216552	46541
8231	216583	46515
8232	216613	46490
8233	216640	46464
8234	216665	46437
8235	216689	46410
8236	216713	46384
8237	216735	46356
8238	216760	46330
8239	216787	46304
8240	216814	46277
8241	216845	46252
8242	216874	46226
8243	216899	46200
8244	216924	46173
8245	216951	46147
8246	216973	46120
8247	216995	46093
8248	217017	46065
8249	217041	46039
8250	217067	46012
8251	217094	45986
8252	217117	45959
8253	217143	45933
8254	217168	45906
8255	217194	45880
8256	217219	45853
8257	217245	45827
8258	217275	45801
8259	217298	45774
8260	217327	45748
8261	217356	45723
8262	217388	45698
8263	217417	45672
8264	217445	45646
8265	217470	45619
8266	217496	45593
8267	217524	45567
8268	217550	45541
8269	217578	45515
8270	217606	45489
8271	217640	45464
8272	217668	45438
8273	217692	45411
8274	217717	45385
8275	217741	45358
8276	217769	45332
8277	217791	45305
8278	217815	45278
8279	217841	45252
8280	217872	45226
8281	217901	45201
8282	217927	45174
8283	217951	45147
8284	217977	45121
8285	218004	45095
8286	218040	45071
8287	218063	45044
8288	218089	45017
8289	218114	44991
8290	218137	44964
8291	218163	44937
8292	218188	44911
8293	218216	44885
8294	218245	44859
8295	218270	44832
8296	218297	44806
8297	218328	44781
8298	218357	44755
8299	218386	44729
8300	218412	44703
8301	218435	44676
8302	218460	44649
8303	218488	44623
8304	218512	44596
8305	218534	44569
8306	218562	44543
8307	218590	44517
8308	218613	44491
8309	218640	44464
8310	218663	44437
8311	218689	44411
8312	218716	44385
8313	218741	44358
8314	218784	44335
8315	218818	44310
8316	218843	44284
8317	218875	44259
8318	218904	44233
8319	218937	44208
8320	218960	44181
8321	218986	44155
8322	219011	44128
8323	219038	44102
8324	219068	44076
8325	219094	44050
8326	219128	44025
8327	219157	43999
8328	219182	43973
8329	219209	43947
8330	219234	43920
8331	219266	43895
8332	219294	43869
8333	219320	43843
8334	219352	43817
8335	219381	43792
8336	219411	43766
8337	219454	43743
8338	219496	43720
8339	219524	43694
8340	219548	43667
8341	219575	43641
8342	219601	43614
8343	219630	43589
8344	219654	43562
8345	219684	43536
8346	219712	43510
8347	219742	43485
8348	219765	43458
8349	219790	43431
8350	219819	43405
8351	219851	43380
8352	219882	43355
8353	219911	43329
8354	219939	43303
8355	219977	43279
8356	220005	43253
8357	220032	43227
8358	220062	43201
8359	220088	43175
8360	220114	43148
8361	220140	43122
8362	220181	43098
8363	220209	43072
8364	220241	43047
8365	220269	43021
8366	220298	42995
8367	220324	42969
8368	220351	42943
8369	220381	42917
8370	220411	42892
8371	220443	42866
8372	220465	42839
8373	220492	42813
8374	220518	42787
8375	220545	42760
8376	220570	42734
8377	220601	42708
8378	220630	42683
8379	220683	42662
8380	220721	42637
8381	220747	42611
8382	220772	42584
8383	220796	42558
8384	220824	42532
8385	220850	42505
8386	220879	42479
8387	220906	42453
8388	220932	42427
8389	220955	42400
8390	220978	42373
8391	221002	42346
8392	221027	42319
8393	221055	42293
8394	221079	42267
8395	221103	42240
8396	221127	42213
8397	221155	42187
8398	221181	42161
8399	221217	42136
8400	221244	42110
8401	221273	42084
8402	221299	42058
8403	221328	42032
8404	221356	42006
8405	221388	41981
8406	221415	41954
8407	221442	41928
8408	221469	41902
8409	221497	41876
8410	221521	41849
8411	221546	41823
8412	221571	41796
8413	221603	41771
8414	221630	41745
8415	221655	41718
8416	221680	41691
8417	221706	41665
8418	221731	41638
8419	221756	41612
8420	221781	41585
8421	221808	41559
8422	221835	41533
8423	221861	41506
8424	221886	41480
8425	221915	41454
8426	221941	41428
8427	221970	41402
8428	221995	41375
8429	222019	41348
8430	222041	41321
8431	222066	41295
8432	222090	41268
8433	222114	41241
8434	222141	41215
8435	222168	41189
8436	222197	41163
8437	222225	41137
8438	222248	41110
8439	222274	41083
8440	222299	41057
8441	222326	41031
8442	222358	41005
8443	222383	40979
8444	222406	40952
8445	222433	40926
8446	222461	40900
8447	222490	40874
8448	222513	40847
8449	222537	40820
8450	222561	40793
8451	222591	40767
8452	222613	40741
8453	222640	40714
8454	222663	40687
8455	222688	40661
8456	222714	40634
8457	222737	40607
8458	222760	40580
8459	222786	40554
8460	222809	40527
8461	222832	40500
8462	222859	40474
8463	222885	40447
8464	222911	40421
8465	222941	40396
8466	222968	40369
8467	222996	40343
8468	223020	40316
8469	223042	40289
8470	223069	40263
8471	223094	40237
8472	223122	40211
8473	223146	40184
8474	223174	40158
8475	223202	40132
8476	223227	40105
8477	223255	40079
8478	223283	40053
8479	223309	40027
8480	223336	40000
8481	223368	39975
8482	223395	39949
8483	223424	39923
8484	223452	39897
8485	223480	39871
8486	223507	39845
8487	223547	39821
8488	223576	39795
8489	223605	39769
8490	223630	39743
8491	223656	39716
8492	223685	39690
8493	223710	39664
8494	223734	39637
8495	223761	39611
8496	223788	39585
8497	223815	39558
8498	223838	39531
8499	223862	39505
8500	223884	39478
8501	223911	39451
8502	223938	39425
8503	223966	39399
8504	223993	39373
8505	224030	39348
8506	224056	39322
8507	224082	39296
8508	224107	39269
8509	224133	39243
8510	224157	39216
8511	224180	39189
8512	224204	39162
8513	224233	39136
8514	224255	39109
8515	224278	39082
8516	224305	39056
8517	224330	39030
8518	224353	39003
8519	224377	38976
8520	224400	38949
8521	224430	38923
8522	224461	38898
8523	224490	38872
8524	224517	38846
8525	224545	38820
8526	224573	38794
8527	224598	38767
8528	224624	38740
8529	224647	38714
8530	224674	38687
8531	224703	38661
8532	224732	38636
8533	224755	38609
8534	224782	38583
8535	224806	38556
8536	224834	38530
8537	224857	38503
8538	224882	38476
8539	224907	38450
8540	224935	38424
8541	224962	38397
8542	224989	38371
8543	225015	38345
8544	225041	38318
8545	225070	38293
8546	225098	38266
8547	225126	38240
8548	225157	38215
8549	225181	38188
8550	225211	38162
8551	225240	38137
8552	225263	38110
8553	225287	38083
8554	225317	38057
8555	225348	38032
8556	225378	38006
8557	225405	37980
8558	225431	37953
8559	225458	37927
8560	225486	37901
8561	225513	37875
8562	225538	37848
8563	225561	37821
8564	225588	37795
8565	225613	37769
8566	225638	37742
8567	225663	37715
8568	225686	37688
8569	225709	37662
8570	225737	37636
8571	225767	37610
8572	225794	37584
8573	225825	37558
8574	225854	37532
8575	225882	37506
8576	225905	37479
8577	225930	37453
8578	225954	37426
8579	225979	37399
8580	226009	37374
8581	226037	37347
8582	226061	37321
8583	226082	37294
8584	226117	37269
8585	226150	37243
8586	226178	37217
8587	226201	37191
8588	226225	37164
8589	226256	37138
8590	226282	37112
8591	226309	37086
8592	226331	37059
8593	226359	37032
8594	226386	37006
8595	226412	36980
8596	226434	36953
8597	226462	36927
8598	226489	36901
8599	226513	36874
8600	226538	36847
8601	226565	36821
8602	226589	36794
8603	226616	36768
8604	226644	36742
8605	226671	36716
8606	226700	36690
8607	226730	36664
8608	226757	36638
8609	226781	36611
8610	226807	36585
8611	226830	36558
8612	226855	36531
8613	226880	36505
8614	226906	36478
8615	226929	36452
8616	226956	36425
8617	226985	36399
8618	227013	36373
8619	227041	36347
8620	227066	36321
8621	227095	36295
8622	227120	36268
8623	227143	36241
8624	227169	36215
8625	227193	36188
8626	227220	36162
8627	227249	36136
8628	227281	36111
8629	227305	36084
8630	227335	36058
8631	227370	36033
8632	227395	36007
8633	227416	35980
8634	227448	35954
8635	227478	35928
8636	227506	35902
8637	227534	35876
8638	227556	35849
8639	227583	35823
8640	227608	35796
8641	227632	35770
8642	227655	35743
8643	227683	35717
8644	227709	35690
8645	227736	35664
8646	227760	35637
8647	227788	35611
8648	227812	35584
8649	227846	35559
8650	227879	35534
8651	227903	35507
8652	227933	35482
8653	227957	35455
8654	227986	35429
8655	228013	35403
8656	228042	35377
8657	228067	35350
8658	228094	35324
8659	228120	35298
8660	228157	35273
8661	228183	35246
8662	228211	35220
8663	228240	35194
8664	228262	35167
8665	228288	35141
8666	228314	35115
8667	228341	35088
8668	228367	35062
8669	228393	35036
8670	228419	35009
8671	228441	34982
8672	228475	34957
8673	228503	34931
8674	228531	34905
8675	228555	34878
8676	228578	34851
8677	228604	34825
8678	228633	34799
8679	228663	34773
8680	228687	34746
8681	228713	34720
8682	228736	34693
8683	228766	34668
8684	228792	34641
8685	228819	34615
8686	228843	34588
8687	228870	34562
8688	228895	34535
8689	228920	34509
8690	228947	34483
8691	228976	34457
8692	229011	34432
8693	229038	34405
8694	229061	34378
8695	229084	34352
8696	229109	34325
8697	229134	34299
8698	229158	34272
8699	229185	34246
8700	229211	34219
8701	229238	34193
8702	229267	34167
8703	229291	34140
8704	229319	34114
8705	229341	34087
8706	229364	34060
8707	229387	34034
8708	229412	34007
8709	229436	33980
8710	229464	33954
8711	229489	33928
8712	229516	33902
8713	229544	33875
8714	229568	33849
8715	229592	33822
8716	229618	33796
8717	229644	33769
8718	229667	33742
8719	229690	33715
8720	229715	33689
8721	229745	33663
8722	229777	33638
8723	229800	33611
8724	229825	33584
8725	229855	33558
8726	229878	33532
8727	229902	33505
8728	229927	33478
8729	229953	33452
8730	229987	33427
8731	230014	33401
8732	230049	33375
8733	230083	33350
8734	230106	33323
8735	230134	33297
8736	230162	33271
8737	230185	33244
8738	230208	33218
8739	230235	33191
8740	230258	33165
8741	230285	33138
8742	230314	33112
8743	230344	33086
8744	230368	33060
8745	230390	33033
8746	230415	33006
8747	230440	32980
8748	230465	32953
8749	230498	32928
8750	230527	32902
8751	230560	32876
8752	230583	32850
8753	230606	32823
8754	230637	32797
8755	230663	32771
8756	230687	32744
8757	230710	32717
8758	230743	32692
8759	230770	32666
8760	230793	32639
8761	230821	32613
8762	230850	32587
8763	230878	32561
8764	230910	32535
8765	230939	32509
8766	230965	32483
8767	230992	32457
8768	231024	32431
8769	231053	32405
8770	231082	32379
8771	231109	32353
8772	231132	32326
8773	231157	32299
8774	231182	32273
8775	231206	32246
8776	231228	32219
8777	231253	32193
8778	231279	32166
8779	231306	32140
8780	231336	32114
8781	231362	32088
8782	231388	32061
8783	231416	32035
8784	231440	32009
8785	231471	31983
8786	231494	31956
8787	231523	31930
8788	231550	31904
8789	231579	31878
8790	231609	31852
8791	231640	31826
8792	231686	31803
8793	231720	31777
8794	231752	31752
8795	231778	31725
8796	231802	31699
8797	231827	31672
8798	231854	31646
8799	231881	31620
8800	231905	31593
8801	231931	31567
8802	231956	31540
8803	231982	31514
8804	232007	31487
8805	232036	31461
8806	232061	31435
8807	232097	31410
8808	232120	31383
8809	232146	31356
8810	232170	31330
8811	232196	31303
8812	232222	31277
8813	232254	31251
8814	232280	31225
8815	232307	31199
8816	232334	31172
8817	232358	31146
8818	232385	31120
8819	232410	31093
8820	232434	31066
8821	232458	31040
8822	232484	31013
8823	232508	30987
8824	232536	30960
8825	232571	30935
8826	232597	30909
8827	232621	30882
8828	232646	30856
8829	232672	30829
8830	232702	30803
8831	232727	30777
8832	232751	30750
8833	232777	30724
8834	232809	30698
8835	232840	30673
8836	232868	30646
8837	232894	30620
8838	232923	30594
8839	232948	30567
8840	232972	30541
8841	232997	30514
8842	233021	30488
8843	233051	30462
8844	233097	30438
8845	233148	30415
8846	233179	30389
8847	233206	30363
8848	233231	30336
8849	233255	30310
8850	233278	30283
8851	233302	30256
8852	233327	30230
8853	233354	30203
8854	233377	30176
8855	233401	30150
8856	233429	30124
8857	233456	30097
8858	233481	30071
8859	233505	30044
8860	233532	30018
8861	233561	29992
8862	233587	29966
8863	233613	29939
8864	233641	29913
8865	233664	29886
8866	233687	29859
8867	233712	29833
8868	233737	29806
8869	233762	29780
8870	233788	29753
8871	233816	29727
8872	233840	29701
8873	233867	29674
8874	233888	29647
8875	233911	29621
8876	233936	29594
8877	233963	29568
8878	233992	29542
8879	234018	29515
8880	234048	29489
8881	234076	29463
8882	234102	29437
8883	234128	29411
8884	234150	29384
8885	234174	29357
8886	234196	29330
8887	234221	29304
8888	234247	29277
8889	234271	29251
8890	234294	29224
8891	234319	29197
8892	234349	29171
8893	234373	29145
8894	234399	29118
8895	234424	29092
8896	234451	29066
8897	234477	29039
8898	234501	29012
8899	234526	28986
8900	234554	28960
8901	234580	28933
8902	234608	28907
8903	234635	28881
8904	234661	28855
8905	234684	28828
8906	234711	28802
8907	234741	28776
8908	234766	28749
8909	234790	28722
8910	234812	28696
8911	234839	28669
8912	234864	28643
8913	234895	28617
8914	234918	28590
8915	234944	28564
8916	234974	28538
8917	234999	28511
8918	235022	28485
8919	235048	28458
8920	235079	28433
8921	235105	28406
8922	235132	28380
8923	235155	28353
8924	235178	28326
8925	235202	28300
8926	235228	28273
8927	235254	28247
8928	235279	28220
8929	235308	28194
8930	235333	28168
8931	235359	28141
8932	235388	28115
8933	235411	28089
8934	235447	28063
8935	235474	28037
8936	235497	28011
8937	235521	27984
8938	235544	27957
8939	235571	27931
8940	235602	27905
8941	235626	27878
8942	235653	27852
8943	235678	27826
8944	235701	27799
8945	235727	27772
8946	235762	27747
8947	235788	27721
8948	235814	27694
8949	235842	27668
8950	235867	27642
8951	235892	27615
8952	235915	27588
8953	235951	27563
8954	235980	27537
8955	236008	27511
8956	236031	27484
8957	236053	27457
8958	236080	27431
8959	236108	27405
8960	236133	27378
8961	236162	27352
8962	236188	27326
8963	236211	27299
8964	236246	27274
8965	236279	27248
8966	236305	27222
8967	236329	27195
8968	236350	27168
8969	236376	27142
8970	236401	27115
8971	236423	27089
8972	236451	27062
8973	236475	27036
8974	236504	27010
8975	236528	26983
8976	236550	26956
8977	236575	26930
8978	236604	26904
8979	236632	26878
8980	236671	26853
8981	236698	26826
8982	236725	26800
8983	236753	26774
8984	236779	26748
8985	236806	26721
8986	236837	26695
8987	236867	26670
8988	236891	26643
8989	236916	26616
8990	236940	26590
8991	236967	26564
8992	236992	26537
8993	237017	26511
8994	237040	26484
8995	237066	26457
8996	237094	26431
8997	237121	26405
8998	237146	26378
8999	237171	26352
9000	237195	26325
9001	237226	26299
9002	237250	26273
9003	237278	26247
9004	237304	26220
9005	237330	26194
9006	237355	26167
9007	237379	26141
9008	237412	26115
9009	237434	26088
9010	237457	26062
9011	237481	26035
9012	237506	26009
9013	237532	25982
9014	237556	25956
9015	237583	25929
9016	237613	25903
9017	237636	25877
9018	237661	25850
9019	237684	25823
9020	237709	25797
9021	237735	25770
9022	237761	25744
9023	237785	25717
9024	237810	25691
9025	237832	25664
9026	237854	25637
9027	237875	25610
9028	237899	25584
9029	237924	25557
9030	237950	25531
9031	237980	25505
9032	238008	25479
9033	238037	25453
9034	238062	25426
9035	238088	25400
9036	238115	25374
9037	238142	25347
9038	238166	25321
9039	238189	25294
9040	238213	25267
9041	238239	25241
9042	238264	25215
9043	238294	25188
9044	238323	25162
9045	238347	25136
9046	238369	25109
9047	238391	25082
9048	238415	25056
9049	238442	25029
9050	238466	25003
9051	238490	24976
9052	238515	24950
9053	238541	24923
9054	238564	24897
9055	238589	24870
9056	238616	24844
9057	238646	24818
9058	238671	24791
9059	238697	24765
9060	238722	24739
9061	238749	24712
9062	238771	24685
9063	238793	24659
9064	238822	24633
9065	238847	24606
9066	238871	24580
9067	238892	24553
9068	238918	24526
9069	238943	24500
9070	238965	24473
9071	238988	24446
9072	239013	24420
9073	239038	24393
9074	239063	24367
9075	239113	24343
9076	239145	24317
9077	239169	24291
9078	239194	24264
9079	239222	24238
9080	239249	24212
9081	239272	24185
9082	239294	24158
9083	239319	24132
9084	239346	24105
9085	239372	24079
9086	239394	24052
9087	239417	24026
9088	239443	23999
9089	239470	23973
9090	239493	23946
9091	239517	23920
9092	239545	23893
9093	239569	23867
9094	239592	23840
9095	239619	23814
9096	239645	23788
9097	239672	23761
9098	239700	23735
9099	239725	23709
9100	239752	23682
9101	239779	23656
9102	239808	23630
9103	239835	23604
9104	239861	23577
9105	239883	23551
9106	239908	23524
9107	239937	23498
9108	239963	23472
9109	239988	23445
9110	240012	23419
9111	240036	23392
9112	240060	23365
9113	240089	23339
9114	240117	23313
9115	240141	23287
9116	240168	23260
9117	240199	23234
9118	240224	23208
9119	240250	23182
9120	240275	23155
9121	240303	23129
9122	240330	23103
9123	240355	23076
9124	240380	23050
9125	240411	23024
9126	240433	22997
9127	240459	22971
9128	240493	22945
9129	240518	22919
9130	240546	22892
9131	240573	22866
9132	240595	22839
9133	240618	22813
9134	240641	22786
9135	240668	22760
9136	240693	22733
9137	240720	22707
9138	240745	22681
9139	240774	22654
9140	240804	22628
9141	240832	22602
9142	240859	22576
9143	240888	22550
9144	240911	22523
9145	240937	22497
9146	240964	22471
9147	240990	22444
9148	241012	22417
9149	241034	22391
9150	241057	22364
9151	241084	22338
9152	241106	22311
9153	241139	22285
9154	241168	22259
9155	241198	22233
9156	241226	22207
9157	241252	22181
9158	241278	22154
9159	241306	22128
9160	241337	22102
9161	241359	22075
9162	241385	22049
9163	241411	22023
9164	241437	21996
9165	241460	21970
9166	241486	21943
9167	241509	21917
9168	241533	21890
9169	241556	21863
9170	241581	21837
9171	241608	21811
9172	241631	21784
9173	241654	21757
9174	241680	21731
9175	241711	21705
9176	241740	21679
9177	241769	21653
9178	241795	21626
9179	241817	21600
9180	241840	21573
9181	241861	21546
9182	241889	21520
9183	241917	21494
9184	241943	21468
9185	241970	21441
9186	241994	21415
9187	242017	21388
9188	242040	21361
9189	242063	21335
9190	242093	21309
9191	242118	21282
9192	242143	21256
9193	242166	21229
9194	242193	21203
9195	242220	21177
9196	242250	21151
9197	242285	21125
9198	242310	21099
9199	242334	21072
9200	242365	21046
9201	242394	21020
9202	242421	20994
9203	242444	20967
9204	242466	20940
9205	242492	20914
9206	242518	20888
9207	242542	20861
9208	242564	20834
9209	242587	20808
9210	242612	20781
9211	242634	20755
9212	242657	20728
9213	242680	20701
9214	242706	20675
9215	242735	20649
9216	242759	20622
9217	242784	20596
9218	242812	20570
9219	242838	20543
9220	242861	20517
9221	242888	20490
9222	242913	20464
9223	242938	20438
9224	242961	20411
9225	242982	20384
9226	243008	20358
9227	243035	20331
9228	243061	20305
9229	243086	20279
9230	243112	20252
9231	243140	20226
9232	243161	20199
9233	243186	20173
9234	243210	20146
9235	243242	20120
9236	243269	20094
9237	243299	20068
9238	243323	20042
9239	243345	20015
9240	243367	19988
9241	243397	19962
9242	243423	19936
9243	243446	19909
9244	243468	19883
9245	243492	19856
9246	243516	19830
9247	243541	19803
9248	243563	19776
9249	243599	19751
9250	243625	19724
9251	243649	19698
9252	243673	19671
9253	243697	19645
9254	243725	19619
9255	243751	19592
9256	243776	19566
9257	243800	19539
9258	243825	19513
9259	243849	19486
9260	243872	19460
9261	243895	19433
9262	243924	19407
9263	243949	19381
9264	243976	19354
9265	244008	19328
9266	244035	19302
9267	244063	19276
9268	244086	19249
9269	244109	19223
9270	244140	19197
9271	244169	19171
9272	244196	19144
9273	244219	19118
9274	244246	19092
9275	244279	19066
9276	244305	19039
9277	244338	19014
9278	244363	18987
9279	244388	18961
9280	244411	18934
9281	244435	18908
9282	244459	18881
9283	244482	18854
9284	244508	18828
9285	244534	18802
9286	244559	18775
9287	244583	18749
9288	244606	18722
9289	244630	18696
9290	244655	18669
9291	244685	18643
9292	244708	18617
9293	244737	18591
9294	244768	18564
9295	244794	18538
9296	244816	18512
9297	244841	18485
9298	244867	18459
9299	244897	18433
9300	244924	18406
9301	244950	18380
9302	244979	18354
9303	245007	18328
9304	245039	18302
9305	245069	18276
9306	245094	18249
9307	245125	18223
9308	245151	18197
9309	245176	18170
9310	245203	18144
9311	245229	18118
9312	245258	18092
9313	245290	18066
9314	245314	18039
9315	245340	18013
9316	245365	17986
9317	245390	17960
9318	245413	17933
9319	245441	17907
9320	245467	17881
9321	245492	17854
9322	245514	17828
9323	245538	17801
9324	245566	17775
9325	245591	17749
9326	245613	17722
9327	245636	17695
9328	245664	17669
9329	245688	17643
9330	245716	17616
9331	245742	17590
9332	245771	17564
9333	245798	17538
9334	245824	17511
9335	245847	17485
9336	245875	17459
9337	245900	17432
9338	245944	17407
9339	245972	17381
9340	246002	17355
9341	246025	17328
9342	246048	17302
9343	246072	17275
9344	246100	17249
9345	246125	17223
9346	246151	17196
9347	246180	17170
9348	246206	17144
9349	246229	17117
9350	246250	17090
9351	246280	17064
9352	246309	17038
9353	246335	17012
9354	246361	16985
9355	246389	16959
9356	246413	16933
9357	246439	16906
9358	246461	16880
9359	246485	16853
9360	246510	16827
9361	246535	16800
9362	246563	16774
9363	246588	16748
9364	246613	16721
9365	246635	16695
9366	246657	16668
9367	246686	16642
9368	246714	16616
9369	246742	16589
9370	246766	16563
9371	246794	16537
9372	246823	16511
9373	246849	16484
9374	246879	16458
9375	246906	16432
9376	246928	16405
9377	246957	16379
9378	246980	16352
9379	247006	16326
9380	247028	16300
9381	247054	16273
9382	247077	16247
9383	247104	16220
9384	247128	16194
9385	247152	16167
9386	247179	16141
9387	247207	16115
9388	247229	16088
9389	247258	16062
9390	247284	16036
9391	247312	16010
9392	247342	15983
9393	247372	15957
9394	247405	15931
9395	247435	15905
9396	247457	15879
9397	247480	15852
9398	247505	15826
9399	247526	15799
9400	247555	15773
9401	247585	15747
9402	247609	15720
9403	247636	15694
9404	247663	15668
9405	247686	15641
9406	247711	15615
9407	247738	15588
9408	247760	15562
9409	247790	15536
9410	247817	15510
9411	247845	15483
9412	247874	15457
9413	247900	15431
9414	247931	15405
9415	247956	15378
9416	247982	15352
9417	248005	15325
9418	248029	15299
9419	248051	15272
9420	248074	15246
9421	248095	15219
9422	248124	15193
9423	248151	15167
9424	248175	15140
9425	248198	15114
9426	248222	15087
9427	248246	15061
9428	248269	15034
9429	248291	15008
9430	248315	14981
9431	248346	14955
9432	248374	14929
9433	248404	14903
9434	248429	14876
9435	248457	14850
9436	248480	14824
9437	248509	14797
9438	248538	14771
9439	248562	14745
9440	248584	14718
9441	248612	14692
9442	248638	14666
9443	248666	14639
9444	248696	14613
9445	248725	14587
9446	248754	14561
9447	248777	14534
9448	248799	14508
9449	248825	14481
9450	248853	14455
9451	248882	14429
9452	248904	14402
9453	248928	14376
9454	248953	14350
9455	248977	14323
9456	248999	14297
9457	249031	14271
9458	249061	14244
9459	249084	14218
9460	249107	14191
9461	249130	14165
9462	249153	14138
9463	249182	14112
9464	249205	14086
9465	249229	14059
9466	249255	14033
9467	249283	14007
9468	249313	13980
9469	249337	13954
9470	249367	13928
9471	249393	13901
9472	249418	13875
9473	249444	13849
9474	249470	13822
9475	249497	13796
9476	249521	13770
9477	249544	13743
9478	249569	13717
9479	249595	13690
9480	249618	13664
9481	249642	13637
9482	249669	13611
9483	249691	13585
9484	249713	13558
9485	249738	13532
9486	249762	13505
9487	249787	13479
9488	249809	13452
9489	249832	13426
9490	249864	13400
9491	249890	13373
9492	249917	13347
9493	249941	13321
9494	249966	13294
9495	249992	13268
9496	250014	13241
9497	250040	13215
9498	250065	13189
9499	250088	13162
9500	250110	13136
9501	250137	13109
9502	250162	13083
9503	250186	13056
9504	250212	13030
9505	250235	13004
9506	250270	12978
9507	250294	12951
9508	250316	12925
9509	250340	12898
9510	250368	12872
9511	250395	12846
9512	250418	12819
9513	250443	12793
9514	250469	12766
9515	250493	12740
9516	250520	12714
9517	250546	12687
9518	250571	12661
9519	250597	12635
9520	250623	12608
9521	250645	12582
9522	250673	12556
9523	250697	12529
9524	250718	12503
9525	250744	12476
9526	250767	12450
9527	250793	12423
9528	250815	12397
9529	250840	12370
9530	250875	12345
9531	250901	12318
9532	250930	12292
9533	250960	12266
9534	250985	12239
9535	251008	12213
9536	251035	12187
9537	251059	12160
9538	251086	12134
9539	251109	12107
9540	251131	12081
9541	251154	12055
9542	251182	12028
9543	251209	12002
9544	251233	11976
9545	251255	11949
9546	251279	11923
9547	251305	11896
9548	251328	11870
9549	251357	11844
9550	251383	11817
9551	251416	11791
9552	251441	11765
9553	251472	11739
9554	251499	11712
9555	251522	11686
9556	251549	11660
9557	251573	11633
9558	251600	11607
9559	251623	11581
9560	251647	11554
9561	251670	11528
9562	251695	11501
9563	251718	11475
9564	251745	11448
9565	251770	11422
9566	251795	11396
9567	251819	11369
9568	251842	11343
9569	251869	11317
9570	251899	11290
9571	251927	11264
9572	251952	11238
9573	251975	11211
9574	251999	11185
9575	252022	11158
9576	252045	11132
9577	252071	11106
9578	252096	11079
9579	252121	11053
9580	252149	11027
9581	252172	11000
9582	252200	10974
9583	252227	10948
9584	252249	10921
9585	252272	10895
9586	252296	10868
9587	252324	10842
9588	252352	10816
9589	252382	10790
9590	252415	10764
9591	252439	10737
9592	252463	10711
9593	252489	10684
9594	252519	10658
9595	252547	10632
9596	252573	10606
9597	252600	10579
9598	252625	10553
9599	252647	10526
9600	252672	10500
9601	252704	10474
9602	252729	10448
9603	252752	10421
9604	252776	10395
9605	252799	10368
9606	252827	10342
9607	252852	10316
9608	252877	10289
9609	252902	10263
9610	252930	10237
9611	252962	10211
9612	252984	10184
9613	253007	10158
9614	253033	10131
9615	253061	10105
9616	253094	10079
9617	253115	10053
9618	253142	10026
9619	253169	10000
9620	253195	9974
9621	253219	9947
9622	253247	9921
9623	253271	9895
9624	253294	9868
9625	253318	9842
9626	253345	9815
9627	253373	9789
9628	253403	9763
9629	253435	9737
9630	253466	9711
9631	253490	9684
9632	253518	9658
9633	253543	9632
9634	253567	9605
9635	253593	9579
9636	253616	9553
9637	253642	9526
9638	253669	9500
9639	253693	9474
9640	253720	9447
9641	253748	9421
9642	253771	9395
9643	253794	9368
9644	253817	9342
9645	253841	9315
9646	253868	9289
9647	253897	9263
9648	253925	9236
9649	253954	9210
9650	253980	9184
9651	254010	9158
9652	254033	9131
9653	254059	9105
9654	254081	9079
9655	254108	9052
9656	254138	9026
9657	254167	9000
9658	254196	8974
9659	254219	8947
9660	254248	8921
9661	254272	8895
9662	254295	8868
9663	254318	8842
9664	254344	8815
9665	254370	8789
9666	254397	8763
9667	254423	8736
9668	254458	8710
9669	254487	8684
9670	254512	8658
9671	254535	8631
9672	254561	8605
9673	254590	8579
9674	254618	8553
9675	254646	8526
9676	254675	8500
9677	254699	8474
9678	254722	8447
9679	254753	8421
9680	254780	8395
9681	254807	8369
9682	254831	8342
9683	254857	8316
9684	254883	8289
9685	254908	8263
9686	254937	8237
9687	254971	8211
9688	255002	8185
9689	255028	8158
9690	255050	8132
9691	255075	8106
9692	255100	8079
9693	255123	8053
9694	255146	8026
9695	255172	8000
9696	255198	7974
9697	255227	7947
9698	255254	7921
9699	255279	7895
9700	255306	7868
9701	255333	7842
9702	255357	7816
9703	255387	7790
9704	255418	7763
9705	255445	7737
9706	255471	7711
9707	255497	7684
9708	255520	7658
9709	255544	7632
9710	255570	7605
9711	255597	7579
9712	255621	7553
9713	255646	7526
9714	255668	7500
9715	255695	7474
9716	255724	7447
9717	255750	7421
9718	255775	7395
9719	255800	7368
9720	255828	7342
9721	255853	7316
9722	255879	7289
9723	255906	7263
9724	255932	7237
9725	255958	7210
9726	255983	7184
9727	256007	7158
9728	256032	7131
9729	256056	7105
9730	256081	7079
9731	256107	7052
9732	256130	7026
9733	256151	6999
9734	256175	6973
9735	256202	6947
9736	256227	6920
9737	256251	6894
9738	256273	6867
9739	256298	6841
9740	256324	6815
9741	256349	6788
9742	256372	6762
9743	256403	6736
9744	256430	6710
9745	256459	6683
9746	256484	6657
9747	256508	6631
9748	256532	6604
9749	256556	6578
9750	256580	6551
9751	256608	6525
9752	256636	6499
9753	256669	6473
9754	256697	6447
9755	256721	6420
9756	256744	6394
9757	256772	6368
9758	256800	6341
9759	256823	6315
9760	256846	6288
9761	256871	6262
9762	256906	6236
9763	256937	6210
9764	256963	6183
9765	256990	6157
9766	257015	6131
9767	257037	6104
9768	257060	6078
9769	257087	6052
9770	257112	6025
9771	257137	5999
9772	257163	5973
9773	257188	5946
9774	257218	5920
9775	257240	5894
9776	257263	5867
9777	257286	5841
9778	257310	5815
9779	257335	5788
9780	257357	5762
9781	257384	5736
9782	257413	5709
9783	257443	5683
9784	257472	5657
9785	257501	5631
9786	257526	5604
9787	257550	5578
9788	257576	5552
9789	257603	5525
9790	257632	5499
9791	257659	5473
9792	257683	5446
9793	257707	5420
9794	257736	5394
9795	257760	5367
9796	257799	5341
9797	257829	5315
9798	257855	5289
9799	257879	5262
9800	257902	5236
9801	257935	5210
9802	257959	5183
9803	257984	5157
9804	258011	5131
9805	258038	5104
9806	258063	5078
9807	258087	5052
9808	258112	5025
9809	258140	4999
9810	258166	4973
9811	258190	4946
9812	258214	4920
9813	258241	4894
9814	258269	4868
9815	258295	4841
9816	258319	4815
9817	258344	4789
9818	258371	4762
9819	258394	4736
9820	258425	4710
9821	258454	4683
9822	258481	4657
9823	258512	4631
9824	258537	4604
9825	258562	4578
9826	258588	4552
9827	258616	4526
9828	258647	4499
9829	258672	4473
9830	258697	4447
9831	258721	4420
9832	258747	4394
9833	258771	4368
9834	258795	4341
9835	258821	4315
9836	258853	4289
9837	258880	4262
9838	258904	4236
9839	258929	4210
9840	258961	4184
9841	258993	4157
9842	259026	4131
9843	259053	4105
9844	259081	4078
9845	259110	4052
9846	259136	4026
9847	259165	4000
9848	259188	3973
9849	259210	3947
9850	259233	3921
9851	259258	3894
9852	259285	3868
9853	259326	3842
9854	259358	3816
9855	259385	3789
9856	259410	3763
9857	259435	3737
9858	259465	3710
9859	259497	3684
9860	259523	3658
9861	259548	3631
9862	259573	3605
9863	259604	3579
9864	259629	3552
9865	259655	3526
9866	259681	3500
9867	259706	3473
9868	259733	3447
9869	259759	3421
9870	259788	3395
9871	259812	3368
9872	259839	3342
9873	259864	3316
9874	259889	3289
9875	259914	3263
9876	259945	3237
9877	259980	3210
9878	260006	3184
9879	260032	3158
9880	260058	3131
9881	260084	3105
9882	260107	3079
9883	260138	3053
9884	260163	3026
9885	260189	3000
9886	260214	2974
9887	260242	2947
9888	260269	2921
9889	260294	2895
9890	260322	2868
9891	260345	2842
9892	260371	2816
9893	260396	2789
9894	260425	2763
9895	260453	2737
9896	260485	2710
9897	260513	2684
9898	260539	2658
9899	260565	2631
9900	260592	2605
9901	260615	2579
9902	260640	2552
9903	260671	2526
9904	260695	2500
9905	260723	2474
9906	260749	2447
9907	260779	2421
9908	260801	2395
9909	260828	2368
9910	260851	2342
9911	260877	2316
9912	260904	2289
9913	260932	2263
9914	260956	2237
9915	260988	2210
9916	261013	2184
9917	261042	2158
9918	261068	2131
9919	261095	2105
9920	261124	2079
9921	261153	2053
9922	261178	2026
9923	261203	2000
9924	261227	1974
9925	261255	1947
9926	261282	1921
9927	261309	1895
9928	261337	1868
9929	261367	1842
9930	261395	1816
9931	261419	1789
9932	261443	1763
9933	261477	1737
9934	261505	1710
9935	261535	1684
9936	261561	1658
9937	261588	1631
9938	261616	1605
9939	261640	1579
9940	261665	1552
9941	261692	1526
9942	261720	1500
9943	261744	1474
9944	261771	1447
9945	261798	1421
9946	261824	1395
9947	261847	1368
9948	261880	1342
9949	261908	1316
9950	261933	1289
9951	261957	1263
9952	261981	1237
9953	262008	1210
9954	262035	1184
9955	262067	1158
9956	262093	1131
9957	262119	1105
9958	262150	1079
9959	262176	1052
9960	262203	1026
9961	262227	1000
9962	262251	973
9963	262275	947
9964	262301	921
9965	262326	894
9966	262352	868
9967	262376	842
9968	262401	815
9969	262425	789
9970	262453	763
9971	262485	737
9972	262516	710
9973	262545	684
9974	262571	658
9975	262597	631
9976	262623	605
9977	262648	579
9978	262674	552
9979	262703	526
9980	262728	500
9981	262753	473
9982	262778	447
9983	262809	421
9984	262833	394
9985	262859	368
9986	262884	342
9987	262908	315
9988	262935	289
9989	262959	263
9990	262986	236
9991	263017	210
9992	263044	184
9993	263080	157
9994	263106	131
9995	263131	105
9996	263159	78
9997	263183	52
9998	263208	26
9999	263235	0
